"item","ias_1","ias_2","ias_3","ias_4","ias_5","ias_6","ias_7","ias_8","ias_9","ias_10","ias_11","ias_12","ias_13","ias_14","ias_15","ias_16","ias_17","ias_18","ias_19","ias_20","ias_21","iats_1","iats_2","iats_3","iats_4","iats_5","iats_6","iats_7","iats_8","iats_9","iats_10","iats_11","iats_12","iats_13","iats_14","iats_15","iats_16","iats_17","iats_18","iats_19","iats_20","iats_21","tas_1","tas_2","tas_3","tas_4","tas_5","tas_6","tas_7","tas_8","tas_9","tas_10","tas_11","tas_12","tas_13","tas_14","tas_15","tas_16","tas_17","tas_18","tas_19","tas_20","phq_9_1","phq_9_2","phq_9_3","phq_9_4","phq_9_5","phq_9_6","phq_9_7","phq_9_8","phq_9_9","gad_7_1","gad_7_2","gad_7_3","gad_7_4","gad_7_5","gad_7_6","gad_7_7","stai_1","stai_2","stai_3","stai_4","stai_5","stai_6","stai_7","stai_8","stai_9","stai_10","stai_11","stai_12","stai_13","stai_14","stai_15","stai_16","stai_17","stai_18","stai_19","stai_20","sss_8_1","sss_8_2","sss_8_3","sss_8_4","sss_8_5","sss_8_6","sss_8_7","sss_8_8","pcs_1","pcs_2","pcs_3","pcs_4","pcs_5","pcs_6","pcs_7","pcs_8","pcs_9","pcs_10","pcs_11","pcs_12","pcs_13"
"ias_1",1,0.248602886694196,0.449196466484895,0.228132402296201,0.141803609472481,0.200806273633177,0.203044554798872,0.101487309728818,0.125732262762393,0.190142343500922,0.215387361204595,0.235735745481729,0.151388716273813,0.245774630430803,0.216353084763529,0.174381930617085,0.266138351149205,0.200473929978477,0.214765650016919,0.215653686352235,0.192115907812841,0.142541256345875,0.0436141245570106,0.0267749564606244,0.0103972063783057,-0.022268824957777,-0.0350922710080812,0.0941482285954103,0.0160212857950828,0.0412457799796263,-0.0276982584109775,0.0381416381035378,-0.0458125190872675,0.0096926838242039,0.00546710767474827,-0.00999586105190367,0.0064504369587454,-0.0296223408613528,0.040314205775917,0.0469094936660241,-0.00210790803799879,0.0227501404474734,-0.182684438240889,-0.168433099093938,-0.0426461301469929,-0.208433203206225,-0.0710270809814605,-0.148417004574439,-0.102002783820313,-0.0858748699174707,-0.144880365239051,-0.196957950678702,-0.186594586158476,-0.107349977343636,-0.146995783539658,-0.160106655270512,-0.127404879540495,-0.058059743193605,-0.0837523680864586,-0.146509768700362,-0.165694295069308,-0.0444380345705968,-0.0608248809933187,-0.0485102165971999,-0.0495882737320866,-0.0364386157411708,-0.0685272103226813,-0.0580358108958466,-0.0562450840554974,-0.0341749907662849,-0.0498404850130283,-0.0645198843533908,-0.0399466542026785,-0.0231315863996087,-0.048049920972896,-0.0341474847928161,-0.0433364865060682,-0.0646649604531985,-0.134747879552548,-0.03499148515952,-0.082345320670611,-0.0469509197422615,-0.0942697063070691,-0.0740559769358093,-0.0898493356100966,-0.0615207637749594,-0.0400859579488883,-0.0851799761866384,-0.0340425071901258,-0.0970570277213786,-0.108198568319909,-0.0912688093217661,-0.112994420002018,-0.0971613511584328,-0.0870284661932666,-0.140671078385723,-0.118469387913462,-0.0795741519937745,0.00694064759848077,0.0130080307742484,0.039616302012954,-0.0205521815923007,0.0208733292896645,0.020323573035739,-0.0393068091750489,-0.0600555057216223,0.040737188817864,-0.0286950924224333,0.00908016099461387,0.00603181082636927,0.0013283603226147,0.0252673620718418,-0.016974452656291,-0.00508434007857505,0.0212934645321138,0.027442896838527,0.0657832336711268,0.00803736874218629,0.0424306815986016
"ias_2",0.248602886694196,1,0.295567693334814,0.497660475830171,0.364483326110487,0.273169436873405,0.221308331417665,0.174675240578375,0.18234642611938,0.237585436465439,0.346918026543575,0.333110445888568,0.207314694547363,0.143448133276731,0.25058656514121,0.064932816718806,0.2746078401508,0.0708321434724925,0.223166261790946,0.0986651371252509,0.0718589639166236,-0.131802551855799,0.0547932027058943,-0.0939267274964556,-0.0173755553814944,0.0184865570381568,-0.0132678964027788,0.0806587662903287,-0.0977152779823467,-0.00651804000104764,-0.0611391573260344,-0.0802175613752175,0.00159296590736678,-0.0237611484767118,-0.00677251500560395,-0.0942134812461867,-0.0720264278330108,-0.090124673516298,-0.0383400338527417,-0.00169965046924187,-0.106419603015562,-0.0852831531325816,-0.268847395993668,-0.230333776421225,-0.199720690269314,-0.254322749186546,0.0291745694858947,-0.264707468771073,-0.175601849285083,-0.0181378065392458,-0.22789011468792,-0.141062413454048,-0.27021030877871,-0.138070504388106,-0.255026031811343,-0.238776717285021,-0.0207667041221199,-0.0384774502416402,-0.13782760597281,-0.128050820730501,-0.1271395793283,-0.125677545356395,-0.204541036105484,-0.197097549026293,-0.182810736911956,-0.203893409979616,-0.299278593429163,-0.183221661090256,-0.197116902975249,-0.145792960515521,-0.176621129968832,-0.224253925996819,-0.198409358211841,-0.143369382310074,-0.206836439930123,-0.197731627565314,-0.176366041171926,-0.171017352491431,-0.215410848483476,-0.205566703689575,-0.199868135989827,-0.138500444329859,-0.188435803178913,-0.22087912941221,-0.246121733644153,-0.211424538036286,-0.184410589422508,-0.183858990589289,-0.125515669447583,-0.186913934952897,-0.199813058545043,-0.224821434393096,-0.23528655940052,-0.181063166572338,-0.15083233108355,-0.180676798480354,-0.195687061891655,-0.188206866641627,-0.0909033618545373,-0.149330559551127,-0.178325734788974,-0.184611805166365,-0.140717124259609,-0.0854919985071616,-0.191040936789757,-0.12053934994401,-0.0731939218818902,-0.0645588407252201,-0.10350924137735,-0.121391691028045,-0.0989932696568657,-0.102320433449791,-0.0505674847814311,-0.0780575524480003,-0.0432012235046432,-0.0561376408631255,-0.0304227603981078,-0.10734328836526,-0.122157448478814
"ias_3",0.449196466484895,0.295567693334814,1,0.258765867013533,0.19515951968163,0.201830528168966,0.272750213862466,0.212170140935267,0.196550197738285,0.277195783745911,0.285843676129617,0.30279941035204,0.237172876226901,0.254037578043186,0.367588862245491,0.138314556753069,0.377578254801194,0.124375752987693,0.24515973533845,0.220407816682512,0.146812695244136,-0.0280393334266563,-0.00637705055119928,0.030487719903857,0.0048185954936787,-0.0345168622844649,-0.070494249684878,0.108481559215796,-0.0488432059757061,-0.0201597964578866,-0.0580053961443071,-0.0117296423108509,-0.0355242449372061,-0.0162135216046695,-0.015183421705378,0.0109937373078402,0.0541219870611858,-0.0374101337935663,0.00196443399090941,0.0405663658326963,-0.0649639884689211,-0.0268325630474602,-0.213658534357463,-0.17209502338144,-0.0864080464596228,-0.214386359027863,-0.115009578280867,-0.188295092575446,-0.134273830163423,-0.0589167230172981,-0.170425740647034,-0.130320675694616,-0.205732693789195,-0.143827745634104,-0.179441754955318,-0.158283705919201,-0.0647991690262294,-0.0707374822559571,-0.0656626006504321,-0.171564616243309,-0.111002289528233,-0.1012469703474,-0.0751764493089948,-0.0976547109463433,-0.0931255365009848,-0.113053520802065,-0.0707966348878745,-0.11644748214691,-0.0969763612037721,-0.0688514342160053,-0.073318752427074,-0.13283061754522,-0.14136476876846,-0.104763102861557,-0.129920923657043,-0.0830044323585868,-0.0585135878772689,-0.110966100030346,-0.155949808106841,-0.156038999276808,-0.0877093174849109,-0.0525936644823885,-0.0975729771628012,-0.110027054900029,-0.171896845531143,-0.145797428363412,-0.137347468798983,-0.125773063672631,-0.0420982758832498,-0.155719032417926,-0.170633119794853,-0.146225127722288,-0.143731577135392,-0.158478717765992,-0.121326949374892,-0.155916196222254,-0.189335386120881,-0.117482868808073,-0.00634808542079726,-0.0387712987444975,0.0124925976536208,-0.0891522936071796,-0.0906317768806076,0.0427716553878126,-0.052927628425622,-0.0709285642893219,0.00132432285914283,-0.0247456708393604,-0.0496709266556607,-0.0255127798719091,-0.0524047076300432,-0.0281515337225544,-0.077250757995869,-0.033476083191433,-0.035201880120984,0.0139585278386216,-0.00793583316185665,-0.0351609150287955,-0.0496604366523239
"ias_4",0.228132402296201,0.497660475830171,0.258765867013533,1,0.336208514397474,0.267331720606642,0.264489217316441,0.168991717809646,0.166176133066935,0.182079751271287,0.371445534136567,0.302312072569997,0.198724942632541,0.144938861677,0.271678692182395,0.0445818742498263,0.313273239451087,0.0887818814148114,0.245774691299923,0.13527259694977,0.0875855264893597,-0.0794459097148717,-0.0130229713847968,-0.0576316693734733,0.147749734537029,0.0141622553205067,-0.0697966883351,0.0690633118457263,-0.112785745857692,-0.0726157876805629,-0.14672265251358,-0.0407806373994735,-0.0216166251795789,-0.061206535509818,-0.0383140856065074,-0.0526356112544,-0.0470863060263012,-0.0654426625808208,-0.0479258948569244,0.000359918829580924,-0.0759742793293655,-0.0716885580310826,-0.246319673809493,-0.228316556924381,-0.166719550713779,-0.231449928993767,-0.000450772555975483,-0.217617444425494,-0.176497135153444,-0.025075546945365,-0.243431196649265,-0.123734871704261,-0.245168510058786,-0.180311853469816,-0.240048669685832,-0.211600733592778,-0.0551171307734102,-0.0847789881706141,-0.109685735275606,-0.125389086126447,-0.0392043145950042,-0.0753185357517846,-0.15656093542988,-0.158940984021876,-0.0771117229344688,-0.137176846594958,-0.185691095826507,-0.167936183497203,-0.195504581560588,-0.114347586514567,-0.0877360736368623,-0.17647573865212,-0.145479257378262,-0.138330601136339,-0.184654854280147,-0.107409184700291,-0.178940029618382,-0.0764681526013699,-0.22498204961656,-0.197151820860717,-0.205482238468804,-0.141759442113751,-0.198398182130495,-0.222065927792342,-0.201626644245041,-0.167385755396578,-0.191850357605852,-0.189097571953306,-0.11758532453648,-0.232158116555067,-0.211262460021491,-0.200068577843698,-0.211915380938168,-0.210619723946379,-0.172411649895769,-0.198586827038152,-0.175316850282497,-0.151865727926662,-0.105739064622099,-0.0923225042076523,-0.0818508487011744,-0.13831728546231,-0.105714774171008,-0.0538088395102448,-0.138823989078306,-0.0811268429136169,-0.0172099465228421,-0.0283551130805214,-0.0692930666672903,-0.0636138020446039,-0.015455406251379,-0.0615485154852663,-0.0508627240987847,-0.0148542354733066,-0.00495169520475887,-0.0029096370523708,0.0231452778452402,-0.0382190559679699,-0.0145856984931115
"ias_5",0.141803609472481,0.364483326110487,0.19515951968163,0.336208514397474,1,0.433338461008923,0.286290546017427,0.203737853946773,0.23377320288,0.215554990744848,0.336986822804833,0.288784215703397,0.228906195665455,0.180409180712262,0.218034173503956,0.0376269268141387,0.284991718517926,0.00607889335835043,0.188579054037672,0.147184827305878,0.0769660656554287,-0.151235946542528,-0.0705186001547787,-0.161113804563274,-0.0433566868981309,-0.142249986951262,-0.0960141485493941,0.0519565269712651,-0.125352298933202,-0.0269356748186866,-0.0803817713825471,-0.0909054520764601,-0.0164219889574877,-0.101778302337496,-0.0305987699287669,-0.0793205160306514,-0.117215790970116,-0.14680885517674,-0.101899708411427,-0.0419569615249099,-0.0900164392232842,-0.127860188850546,-0.245573082826084,-0.205508710472555,-0.213136363543773,-0.212060759612416,-0.0303872986886515,-0.20592251543311,-0.247021778899309,0.0103747056908064,-0.2254717846996,-0.0760315883308726,-0.220534180569541,-0.124153096038978,-0.24007079994132,-0.199600912508661,-0.021886337711368,-0.0168567668225647,-0.114472054049967,-0.098558101503585,-0.0183180547699597,-0.0722273076817446,-0.180375268931954,-0.218762284743687,-0.105481854272549,-0.1528318041195,-0.149776438060125,-0.193298607732665,-0.171761809108831,-0.12873526003605,-0.152058424098102,-0.19373895311153,-0.21619471891034,-0.159998326399184,-0.165825898353252,-0.140339643454757,-0.143652476666907,-0.205288914178472,-0.175300074682096,-0.234842871995097,-0.190573699896338,-0.123784647499631,-0.179092547598196,-0.183296737605969,-0.239538055857303,-0.188757922975817,-0.211087367644421,-0.171769040657682,-0.135815484633539,-0.167795579319421,-0.213776235482118,-0.229436130085177,-0.215739032647863,-0.200614862391156,-0.159881671470541,-0.189497314787429,-0.167081118714713,-0.179571304373325,-0.105093723222376,-0.100132457239471,-0.088142853484774,-0.132903737267201,-0.0850695091425692,-0.08008760751142,-0.1686781736264,-0.12270057811798,-0.121065931650906,-0.154117042403085,-0.176597849243276,-0.151329425410201,-0.129549778794115,-0.155536755679902,-0.122961692880875,-0.101845353652388,-0.119438188908682,-0.112074005923664,-0.0943528860913859,-0.138916816635872,-0.0936451516457255
"ias_6",0.200806273633177,0.273169436873405,0.201830528168966,0.267331720606642,0.433338461008923,1,0.37342901522094,0.288459195461345,0.289147031429961,0.268727932202811,0.249870257780611,0.252013595304585,0.266566310900142,0.237981983438963,0.261354782262256,0.0876680739387894,0.285472924926864,0.0788977451459606,0.23265553835607,0.170195324584275,0.133633241044964,-0.126985150306124,-0.010247258924878,-0.148752735930682,-0.018997369571835,-0.0862021388714492,-0.0693570170989385,0.0922282159593554,-0.0894283636284547,-0.0393607020080039,-0.107446812661874,-0.00490556184750583,-0.0966806369537329,-0.0890858317575297,-0.0723253206616618,-0.0155762509007588,-0.0726213701125857,-0.0625822970380964,-0.113362628032769,-0.0248765157825084,-0.0807536543747702,-0.088665684670501,-0.227909034237266,-0.159081810476843,-0.136983124073604,-0.127428900145858,-0.0226957774572986,-0.18495153688398,-0.172787130116646,-0.0875022627966283,-0.165731490623439,-0.137719008910389,-0.164032227924522,-0.149992863061174,-0.224435806366389,-0.199551449519343,-0.0312739402296254,-0.0194357580846622,-0.0379223899698233,-0.0697093071239857,-0.0734444217285748,-0.108275195977328,-0.0768436728843944,-0.127121944727866,-0.0325948403768563,-0.045526566141595,-0.110128741617108,-0.130185049318839,-0.112296564314456,-0.137849615039951,-0.139511011993987,-0.106138202204882,-0.131635297363423,-0.130189602499266,-0.0968942170248924,-0.122408040761594,-0.108542868638522,-0.162347626583058,-0.102736064412957,-0.120341810734245,-0.0906297317333057,-0.0824591086432562,-0.111163134678402,-0.0917786321154099,-0.167860973107189,-0.12458533242137,-0.132577780633011,-0.093953794595588,-0.116284540776663,-0.105371688657313,-0.152739609376366,-0.127820870924664,-0.144605619786973,-0.120987792839175,-0.110713281876308,-0.117155885377018,-0.154167645616584,-0.137566728090844,-0.0671541642223751,-0.125543980015793,-0.0771427949943135,-0.0228892126750846,-0.0399390841821147,-0.0230506885218324,-0.150362697819354,-0.0452852471108222,-0.0294265196986227,-0.104605922044349,-0.089756618544493,-0.0545297445840013,-0.06847121955857,-0.0567387391160776,-0.0855524775747712,-0.0301682184573024,-0.0464213304598212,-0.0304369919144131,-0.0306792070664565,-0.0754271791570797,-0.0454746462052363
"ias_7",0.203044554798872,0.221308331417665,0.272750213862466,0.264489217316441,0.286290546017427,0.37342901522094,1,0.311861288302618,0.280285987650082,0.281670718446961,0.323950773098556,0.268613568786627,0.243469287335834,0.258679857563325,0.337883281901808,0.0585600320068111,0.267887757493149,0.143444901189062,0.196641223306577,0.142605002035654,0.173499213909086,-0.0843125545558959,-0.0208405668250705,-0.0952386402719848,0.0176472093025057,-0.0504279629113059,-0.0629469834827639,0.267940271072697,-0.000161868937007167,-0.0685955019730522,-0.0889179197108357,0.0535692488047361,-0.0159578271764972,-0.116491779850288,-0.0641470674033243,0.0259042441477001,0.0127670011353199,-0.0262822691894242,-0.00371005797144189,0.0819551469085878,-0.0125896135102205,-0.0470621282274401,-0.137847642046502,-0.163609148803133,-0.0902234230970343,-0.159261358127138,-0.0964683172628428,-0.108042334807246,-0.131327573619898,-0.0793069479074275,-0.119002377966724,-0.185260818811046,-0.235837276092957,-0.145295516805714,-0.18093961579042,-0.113956000388925,-0.0898468486175388,-0.0610830156089229,-0.116231072927451,-0.130817567453415,-0.0995122938725122,-0.0945813336841139,-0.0349768368772232,-0.023466248905129,0.0454276993869118,-0.0323006146188532,-0.04212658804387,-0.0289241975597058,-0.0525771514294023,-0.058904747656868,0.025761974654447,-0.0608967002348559,-0.0357317787440047,-0.0336535720443915,-0.0662559854037506,-0.0611291118766976,-0.0596316227170757,-0.0672230596132638,-0.0981753446225808,-0.0604358768068175,-0.0764149153664876,0.0152760140638863,-0.0374952754930903,-0.0728072409437655,-0.106026666854098,-0.0620439430189712,-0.0834133271736699,-0.0498460936909225,0.0509989456984822,-0.055883353136025,-0.0929073948267998,-0.119089021636853,-0.0386624876132708,-0.0851099110277774,-0.0600300357708158,-0.0478103015178468,-0.05860859172033,-0.0491687821653343,-0.00559154469944493,-0.0737465251657464,0.0203297241102506,-0.0265023510980364,-0.0618406056602751,0.0324839215625051,-0.0840102208047221,-0.0373638870763449,0.00500985947156198,-0.00188880995909626,-0.00721988233097199,0.0059360964959832,-0.0123923494633018,-0.0143826141732929,-0.0188214187639508,0.00381934250579449,-0.00544957925687843,0.0150904372789143,0.0270280045180533,-0.0320680982487747,0.00600193920197268
"ias_8",0.101487309728818,0.174675240578375,0.212170140935267,0.168991717809646,0.203737853946773,0.288459195461345,0.311861288302618,1,0.43287188576378,0.358712751574142,0.249472375096206,0.292208251724356,0.329762793364861,0.333511698332089,0.205357443507014,0.194182564366653,0.24664351184503,0.0977670270221812,0.196467245154628,0.211737733070415,0.153506112628545,-0.144499959074549,-0.126840847353378,-0.0990171045092582,-0.0905431039045852,-0.118343599932721,-0.113938169955492,0.0195210568034474,-0.0818494891237589,-0.0436135612023914,-0.00927069517966131,-0.0728157179439211,-0.0592992350781766,-0.0999230459663656,-0.0716258140415093,-0.0875001422179046,-0.0944782104014508,-0.0957312251528585,-0.0832243888362324,-0.0237234638241043,-0.0310971972497165,-0.064093964354689,-0.128845077628875,-0.132965548367652,-0.134640814471945,-0.141274313527749,-0.051793659066808,-0.108509636516652,-0.0860205124352333,-0.0715369733627999,-0.119691642793907,-0.0657467516721115,-0.113228439132281,-0.100858836348692,-0.118364567081705,-0.141416801445338,-0.0371686795401264,-0.0892342570122393,-0.082319841211374,-0.10089790957908,-0.0357760640608936,-0.0535474689726296,-0.0924497425394266,-0.134445792340183,-0.0280324637611084,-0.109171699394107,-0.0959621269930387,-0.0765176708911246,-0.081933988602118,-0.0478247459216618,-0.0611927237123212,-0.127386564837146,-0.117806788077297,-0.102898239321574,-0.0947486531625002,-0.0943354472091586,-0.0734460454968057,-0.103338542968871,-0.0558200124722482,-0.108266416379296,-0.0722729056325222,-0.0381181186681777,-0.0543724986701088,-0.0957553964605852,-0.122699397753288,-0.101493826536646,-0.105591828218151,-0.0398527061591481,-0.0579612332527309,-0.0642184076103265,-0.0693404309352619,-0.101977994436496,-0.0895184747985417,-0.0944216093095995,-0.0894369542311304,-0.120055295515044,-0.0971153827746211,-0.0979858825942823,-0.0681076548955498,-0.117550181797543,-0.0663520239146772,-0.109424128308051,-0.0847667109138853,-0.0521860685422913,-0.0614423806945272,-0.0386213502028844,-0.0821883146733472,-0.0803105722215689,-0.115906399935232,-0.0998670946980247,-0.0985957938638713,-0.0834130364145597,-0.0795198485505747,-0.0713634196518753,-0.0745544089080313,-0.0594375234224783,-0.0490759790125452,-0.0653645713791351,-0.0775574151987168
"ias_9",0.125732262762393,0.18234642611938,0.196550197738285,0.166176133066935,0.23377320288,0.289147031429961,0.280285987650082,0.43287188576378,1,0.559201299840019,0.257020293983923,0.257331612507749,0.403969235518245,0.374065773045755,0.258242937940339,0.152734818978995,0.24391998353326,0.0976208274633699,0.151906503205271,0.216188255727588,0.188505714198543,-0.0960195082806664,-0.0512754427119434,-0.130957717433606,-0.0640627097913522,-0.0732968551663649,-0.0561159408279792,0.0540283400513359,-0.0492902192445639,-0.0398135257772924,-0.066786590013763,-0.0171959552357702,-0.0426593979659936,0.00569799581382273,-0.0665438273218614,-0.0540324944448013,-0.0776576098834074,-0.0899361538117574,-0.0420775668933735,-0.0176936185517625,-0.0498997677195725,-0.0508783278486355,-0.140552586960755,-0.119150694235485,-0.118865940284828,-0.118208030289422,-0.0176629064637549,-0.124983870754511,-0.103854426671406,-0.0182416800373377,-0.0983046189985766,-0.0534820863101043,-0.117056288942828,-0.103653491967205,-0.109658826736984,-0.0887356211453592,0.0295760512484091,-0.0425827632560782,-0.0540859997738935,-0.112796994282938,-0.0508112758268267,-0.00797044224522176,-0.0531403870886684,-0.102116238776874,-0.05357353642017,-0.0750959296772037,-0.0676554869309765,-0.0584511059725987,-0.0836510656280018,-0.12621000757719,-0.0822359859118987,-0.0562425448544241,-0.0621334171836129,-0.0445768465523012,-0.0703397994978604,-0.101985428045727,-0.0427487891784617,-0.103914905462282,-0.0303752103300463,-0.0587011437094997,-0.0426494750290005,-0.0159765987777082,-0.0148733696529448,-0.0622186091502005,-0.0705755241093503,-0.0538261312328386,-0.0618788989031087,-0.0371263587240753,-0.0335460643978915,-0.0312461862607225,-0.0834943242220723,-0.0149619146288778,-0.0619557897371825,-0.0552522246364058,-0.054237436865014,-0.0874594692911105,-0.055059711545176,-0.0511054752458703,-0.0105843311567905,-0.0701650442013048,-0.0421645558448629,-0.0566376724191937,-0.0686909628663722,-0.0220668132791375,-0.0663410786389332,-0.0734167122533339,-0.0220658259039964,-0.014339632335169,-0.0530178169637967,-0.027377949272621,-0.0427736001152726,-0.0395179902876488,-0.0628641802018231,-0.00627480465491402,0.0139706760935965,0.00133069334211481,-0.00779600881723382,-0.0197156303701226,-0.0298772213115234
"ias_10",0.190142343500922,0.237585436465439,0.277195783745911,0.182079751271287,0.215554990744848,0.268727932202811,0.281670718446961,0.358712751574142,0.559201299840019,1,0.320324505260485,0.213076907644991,0.431434430833301,0.450654505270588,0.345015831804861,0.208724723852547,0.285250106676936,0.14875531134163,0.204081899970626,0.258925941129341,0.260696130021408,-0.101327230512738,-0.033433336465647,-0.0967541305770896,-0.0358286289421959,-0.0365640510566712,-0.0635194703280831,0.0924659702785428,-0.0450595733084961,-0.020826377568905,-0.00458627195821685,0.00324417749945015,-0.0775711390349531,0.0283527214147438,-0.00931588740015977,-0.0242271506665496,-0.0205896640734142,-0.0289651050035316,-0.0424199751743109,0.0248523383988823,-0.0340640879379975,-0.0192673696221177,-0.122339243043829,-0.1002709678055,-0.103596425951251,-0.106524964007337,-0.0383196055997656,-0.104881575934602,-0.0882121444183538,-0.0397363323563202,-0.0982307585488249,-0.0840318130282599,-0.105609638851076,-0.116053725992051,-0.118528524743288,-0.0684684470777245,-0.0106329738976318,-0.0182838427831254,-0.0935827030635025,-0.0872597996184265,-0.0844307386341343,-0.0133392023743015,-0.0781760369969622,-0.0837936592343092,-0.0413703895649419,-0.0656517711754545,-0.0714859336362318,-0.0827828852666942,-0.100925678938046,-0.0823649087553527,-0.0721692092049608,-0.0605938129066665,-0.0689485664373041,-0.0565386433601433,-0.0511687694324324,-0.0592716148006549,-0.0933023190852317,-0.103649924416163,-0.0360184798302091,-0.0471148268286929,-0.0268007795389717,-0.0226904355085586,-0.0333785180663142,-0.0686005799161181,-0.0599679729110905,-0.0544375305538271,-0.0199563264600291,-0.0155402911476121,-0.0516220745814104,-0.0402813691864314,-0.0706320460760365,0.0199303982163106,-0.0553315896361719,-0.0423971225126095,-0.0432460841048274,-0.0503519112903482,-0.0499667374062165,-0.0529760347758985,-0.0188819788268411,-0.029341307711018,0.0110261324764235,-0.00721011552517875,-0.0392814407191948,-0.0336702811093487,-0.0542695300099731,-0.0119682031759852,0.0278889882940171,0.0211185022908896,-0.0290845376970041,0.0122807948664302,0.00359345817011522,-0.00406926871322829,-0.0282447879267685,0.014496495447137,0.0360833445160066,0.0425809331056357,0.0275615322674612,0.0311272671481243,-0.0232806490071947
"ias_11",0.215387361204595,0.346918026543575,0.285843676129617,0.371445534136567,0.336986822804833,0.249870257780611,0.323950773098556,0.249472375096206,0.257020293983923,0.320324505260485,1,0.364366001418523,0.274896155669303,0.205176058491382,0.352300748431792,0.0785089772136265,0.38650880634262,0.0587312419444403,0.284023256710523,0.135647775129884,0.11693413157897,-0.175373647184034,-0.0341930590751901,-0.172462658443384,0.000673509392771112,-0.0464095408540676,-0.162966876175583,0.115030138381566,-0.139744522800777,-0.11167872415471,-0.139189036956987,0.0337384638620689,-0.0876420917803711,-0.0843200156291788,-0.102920979750975,-0.0436393436107145,-0.045960429329809,-0.0675364956481841,-0.0893239775733264,0.0236424667921926,-0.0669118065584132,-0.113702244903939,-0.23607684631976,-0.207019907256703,-0.177086389160951,-0.225709917544763,-0.0341635326198371,-0.209329382137968,-0.174941526668859,-0.0514048200875888,-0.204111016627858,-0.139041684599578,-0.250103310804538,-0.194373095953427,-0.210242423674185,-0.199926531188032,-0.0453235597759271,-0.0257259452045634,-0.11502775645789,-0.20304765031089,-0.0858585626103971,-0.0478690842973079,-0.138229625995088,-0.147137983608535,-0.0333188434326064,-0.0706457569335874,-0.0844527063931633,-0.106256164338234,-0.1893332998283,-0.112225285699118,-0.0968708752974194,-0.171034510185655,-0.121994808615186,-0.120582641735006,-0.126903726127277,-0.104242518469399,-0.08767457320342,-0.142003409694924,-0.13022616532943,-0.160851016882473,-0.072532418428084,-0.0468899738077935,-0.141665330672333,-0.110483985185935,-0.0958700619695021,-0.148102110539814,-0.15938543876057,-0.111005242952813,-0.104498922070517,-0.112024972580388,-0.154151117860531,-0.159255305964197,-0.15961183179828,-0.128242452481273,-0.122110494374477,-0.134020163746676,-0.0712914465058417,-0.174523513611588,0.0086577387844382,-0.116513558176946,-0.0925076675643451,-0.0575132559467166,-0.109025495600263,-0.0113343272040909,-0.0758878143578714,0.019817944772341,-0.0208942201814959,-0.071032886263964,-0.0607389772424427,-0.0409408923202583,-0.0564488163377904,-0.0303283910799569,-0.0605303935565557,-0.0245586692592831,-0.0400172789819624,-0.0218170191569743,0.00579192679387554,-0.0468592726311745,-0.0486993358547035
"ias_12",0.235735745481729,0.333110445888568,0.30279941035204,0.302312072569997,0.288784215703397,0.252013595304585,0.268613568786627,0.292208251724356,0.257331612507749,0.213076907644991,0.364366001418523,1,0.29447584266898,0.259718572518109,0.327763784197164,0.0486679750733705,0.361459276735461,0.116616563576485,0.346640430993457,0.163515982512629,0.126976721296394,-0.0787197690027015,-0.075659917630994,-0.151620082404298,-0.0322474704488025,-0.0894558194717347,-0.0954533456869038,0.0590972876962798,-0.134045785834554,-0.0864863027339986,-0.143187317453862,-0.0887717995462712,0.141189258186434,-0.0690094211777409,-0.0547033539846426,-0.0795587944073186,-0.0515282588953243,-0.0829847014020242,-0.0813389898743426,0.052111486250538,-0.0808879918404941,-0.139303850544001,-0.224616096733808,-0.156108487915218,-0.129031602642315,-0.173723302858213,-0.0855152491792819,-0.197378202690166,-0.153055301361957,-0.0776680316995549,-0.162155816914788,-0.124269598191837,-0.211254525059659,-0.119168855996894,-0.17121672505651,-0.183062094705806,-0.0334209098545937,-0.125690776673138,-0.105379587936313,-0.163139144480808,-0.0787564949868965,-0.113122619712702,-0.136354949756743,-0.158211927495954,-0.0801872426887864,-0.147863805600022,-0.135651353148209,-0.128385921664195,-0.144141895305507,-0.118110129568206,-0.102663472270646,-0.177316364418565,-0.141776357048607,-0.126929477691238,-0.155915253179921,-0.117812713458203,-0.104914322359191,-0.136968394389342,-0.136511172349251,-0.162328475087614,-0.1205927272848,-0.101365551963953,-0.141066410119617,-0.124430797406593,-0.164410225253467,-0.164328920625278,-0.162256819208861,-0.11181146840947,-0.108987129064219,-0.137514440716803,-0.121331314401385,-0.16954423526687,-0.139527292800221,-0.109514824948728,-0.161883146619251,-0.174450426614584,-0.135171015218366,-0.13594529470484,-0.0607933826858359,-0.0746759997439616,-0.0888785974580279,-0.109407967580489,-0.062959725085101,0.0472538846098964,-0.0899246848505329,-0.069068864689534,-0.0200396146434506,-0.0667229990280171,-0.0807422924651004,-0.0763338229718189,-0.0594730047449315,-0.05558563469817,-0.044143673300647,0.0105986787573695,-0.0379817094091022,-0.00752194064988762,0.0110405991032441,-0.0400654050573271,-0.0524831028944666
"ias_13",0.151388716273813,0.207314694547363,0.237172876226901,0.198724942632541,0.228906195665455,0.266566310900142,0.243469287335834,0.329762793364861,0.403969235518245,0.431434430833301,0.274896155669303,0.29447584266898,1,0.5793324774233,0.289305497117415,0.224674983094958,0.199854297551976,0.187911477160216,0.200298419028814,0.244225030423042,0.235016905123394,-0.0888325972398124,-0.0326986102744881,-0.0691597452807185,-0.0083418505680539,-0.065665268134432,-0.0240608305758357,0.0390060430109697,-0.0805245608872024,-0.0251756598491928,-0.0469920331701224,-0.0324122870375234,-0.044642467070058,0.036383353796702,0.0427574013796608,-0.091353642736106,-0.067774949766124,-0.0670841840239345,0.0126533202654651,0.0123125557466866,-0.0254132031530895,-0.0444315421251956,-0.109688200829257,-0.0767957012327138,-0.136961505397686,-0.113762416535436,-0.0684282622497404,-0.0937552479506483,-0.0991806678188334,-0.0687289116984169,-0.102638459256172,-0.0597594454458325,-0.105972536973452,-0.0772236032918768,-0.12929563159206,-0.0998991491765388,-0.0103758078918097,-0.00660545916327791,-0.0553227787678146,-0.0962889260260419,-0.0872315485333821,-0.0134269566193529,-0.0659900216336986,-0.0960957298341502,-0.0379551577150793,-0.0627321850158854,-0.0843585007115853,-0.0750621690030382,-0.0675576299386701,-0.0471486983155629,-0.0908279994431192,-0.0771656903612887,-0.0844109283625826,-0.0891048701275065,-0.0632102731550656,-0.00953090203517539,-0.0513488643714174,-0.0863579201151762,-0.0556991207336072,-0.0817737078640759,-0.0576081802960771,-0.0198707326075515,-0.0675023261913969,-0.0607089218773199,-0.128288118004815,-0.0873450498820711,-0.100655591953607,-0.0395320017638744,-0.0744539872095504,-0.074611449728165,-0.0809154805396924,-0.0935171662034433,-0.059476016596561,-0.0695860094918393,-0.0653111058234589,-0.0894241503960134,-0.0910006814840853,-0.124111813145541,-0.043478154977917,-0.0556922459609344,-0.0401974759064041,-0.0709753249066617,-0.0426971820888286,-0.0235402976164872,-0.0497859121492496,-0.0415112546079266,-0.0579127091657384,-0.0385582282643714,-0.0875483060191526,-0.078534191068213,-0.0687896697494549,-0.112851724770422,-0.0764155537927917,-0.0794835443912003,-0.0954500644138179,-0.0797185793999297,-0.0599271685794395,-0.0531270815418594,-0.0445066869543434
"ias_14",0.245774630430803,0.143448133276731,0.254037578043186,0.144938861677,0.180409180712262,0.237981983438963,0.258679857563325,0.333511698332089,0.374065773045755,0.450654505270588,0.205176058491382,0.259718572518109,0.5793324774233,1,0.353240117534617,0.250032743252764,0.248473169469598,0.228499658562648,0.176664524564187,0.26409179196311,0.238899170677448,-0.0385523734379227,-0.0738405644700435,-0.0891069027837676,-0.0316925812929364,-0.0799618796326782,-0.0608013372534877,-0.0149043934952214,-0.0209580306568331,-0.00210857604299721,-0.0409424391935937,-0.0477217418364061,-0.0702336853465832,0.00188004148621037,0.0558526007324376,-0.0132224597216543,-0.0812657273091149,-0.0295212266263913,0.00446497340393101,0.00353054829849572,-0.0694024696282683,-0.0888367681373177,-0.136965942430097,-0.112675081502488,-0.0870834992318536,-0.114003256123679,-0.0106225669143365,-0.161834492321689,-0.0801504339234222,-0.0557113996696226,-0.125635199670872,-0.0509534549601358,-0.0898822555819926,-0.0956328495154807,-0.1518444060622,-0.105902080461218,-0.0382171178800573,-0.0564319873551549,-0.0774100211178209,-0.0784068760637274,-0.0287479529204452,-0.0235067427269994,-0.102380517704922,-0.124456922018822,-0.0391231375608032,-0.0632539103532739,-0.0711098649387549,-0.0862751827537592,-0.0605648554638956,-0.0252419033805935,-0.0645945406537023,-0.0930707492124497,-0.111639147850155,-0.111537754006452,-0.0892635733214094,-0.0556929091824333,-0.0996219199178575,-0.110242970855541,-0.0842652455874469,-0.107469441504379,-0.0574213232409374,-0.0363879049067191,-0.0631663594584234,-0.0651888664366602,-0.0800201087815249,-0.0912528296122926,-0.122595927111929,-0.0741055956021615,-0.0988348145287921,-0.0764230897301715,-0.0643117545916568,-0.0780319402787553,-0.0805743251305105,-0.091404659741274,-0.121679034020273,-0.13251549640186,-0.088833005929002,-0.118564313945942,-0.0439482746524122,-0.0783415315450906,0.0200378972422322,-0.0607933055769841,-0.00148596132157682,-0.00758293885252863,-0.0553768722498759,-0.0462103451987694,-0.0552776789270222,-0.0509023068538964,-0.0922453687971372,-0.0755488314455247,-0.0779864517362871,-0.111365816869565,-0.0706158373045337,-0.0949450241121167,-0.0885935023699959,-0.0464597326002164,-0.0469283402311421,-0.0632387015113848,-0.0843635078588235
"ias_15",0.216353084763529,0.25058656514121,0.367588862245491,0.271678692182395,0.218034173503956,0.261354782262256,0.337883281901808,0.205357443507014,0.258242937940339,0.345015831804861,0.352300748431792,0.327763784197164,0.289305497117415,0.353240117534617,1,0.19475277889062,0.415857625170598,0.165820232712732,0.304135990549745,0.292993562161673,0.244936786143661,-0.108185058124881,-0.0398787351410982,-0.0909266599414581,0.0374277284892171,-0.0370833062552198,-0.101124602855208,0.0662422429276068,-0.106523542186748,-0.117053043421641,-0.147583703324637,-0.0120627652275846,-0.125419225348912,-0.102621212309303,-0.100068198751611,0.0409292104860759,0.0056916896890728,-0.00649010099918755,-0.0485323703032468,0.0310249582361601,-0.0876104669021061,-0.0792987297976563,-0.175118970653697,-0.174460731858761,-0.130180989339805,-0.142317471942746,-0.0413828767235825,-0.188294105598461,-0.126113108282901,-0.0923043527824914,-0.152682386220485,-0.127822286453972,-0.223407591211239,-0.165654930116886,-0.196058467481549,-0.175865798716815,-0.0419962486284489,-0.111604822371916,-0.0928522828321307,-0.164190478311992,-0.104490364657639,-0.0881037446976362,-0.0609224243354571,-0.0913333433978073,-0.0267966810294357,-0.046174447825857,-0.0422366508797313,-0.0944106988852039,-0.0962137783358577,-0.0811692399842699,-0.0672648064468568,-0.113838877534729,-0.100068262945802,-0.0850127795189054,-0.103392180866434,-0.0746916413356842,-0.124025433140796,-0.128498853679436,-0.0584472198574092,-0.11496493639743,-0.0595343245230891,-0.0258698399763528,-0.0585946760053923,-0.0671076618039378,-0.126759718751711,-0.11626314256009,-0.15535206018824,-0.0886528379425276,-0.0932129056942466,-0.0964643379588401,-0.123678311977649,-0.0785444557967268,-0.0919027343969279,-0.116380995278299,-0.115571449563334,-0.157439476523638,-0.133835624724976,-0.112926000059473,0.00405411991740125,-0.06589273495779,0.00289602625029931,-0.0216482172953542,-0.0514093232631873,0.0684754495376364,-0.0416315423382854,-0.0135410921984203,0.0220919423538668,-0.054367966076624,-0.0288804936385755,-0.0332447609679036,-0.039877031277417,-0.0279509208614113,-0.0693070489306488,-0.0374077014879907,-0.0407355422068014,-0.015840550591229,-0.0240221051350899,-0.0335732808402683,-0.0594119339376789
"ias_16",0.174381930617085,0.064932816718806,0.138314556753069,0.0445818742498263,0.0376269268141387,0.0876680739387894,0.0585600320068111,0.194182564366653,0.152734818978995,0.208724723852547,0.0785089772136265,0.0486679750733705,0.224674983094958,0.250032743252764,0.19475277889062,1,0.195924988375578,0.370960824521604,0.163490550717629,0.339959408798353,0.398771959167241,0.0781714875990328,0.0508089605119953,0.0572246073388927,0.0019463575684909,0.000581289971579627,0.00603261674914931,-0.0296279390994225,0.0412087532027165,0.0494786690890852,0.0257773274882787,-0.0258023733046112,-0.0387620665417766,0.0334611480261123,0.0308310757093312,-0.018765564350389,-0.0142092539562952,0.0171562872899628,0.069788256215394,-0.0303844596806946,0.0303566365740293,0.0180806012249049,-0.0392202464751149,-0.0595493417449611,-0.010474621413404,-0.0909058669557503,0.0384248556880296,-0.0134891496837658,-0.0367053612470144,0.0162549688734829,-0.0407803778802986,0.0219227878142349,-0.0285289706857274,-0.0134215759828389,-0.0453163531166618,-0.0732598690251913,-0.105354352370017,0.0167309421667819,-0.0756468333667144,0.0212375499849976,-0.057973899912463,0.0742865247311443,-0.0331220947584149,-0.0509975660175846,-0.0512139941845148,-0.0680798213974918,-0.0338547889472552,-0.0492320795661286,-0.022946691173806,-0.00809896797514801,0.0649955101171598,-0.0113926545567084,-0.0451320344712744,-0.0607039052681427,-0.0363652953315099,-0.000783953333518075,-0.0561364718207833,-0.0232982590803232,-0.0175225972204164,-0.00995203477468345,-0.0816050108230508,-0.0245513288834747,-0.0377847839264193,0.01171592412477,-0.040439946037559,-0.0129040949321418,-0.0315904467507625,-0.0764600270293012,-0.0366253842830554,-0.062058997583471,-0.0459373367096976,-0.00624686079758634,-0.0451351288342268,-0.0478762903513527,-0.0394418713492754,-0.0644930406769714,-0.0110133035764664,-0.0275221021758446,-0.0212304721122349,-0.00675511827997698,-0.00997422307562688,-0.0457118088586037,0.0289203616103332,-0.0106339316540976,-0.0182679855622918,-0.0442763789443645,-0.00745712958365801,0.0337573781241979,0.0224397041713973,-0.029931445723339,-0.0231665010508102,-0.0415512166907827,0.035096148266562,-0.0655139611466829,-0.0502369136112739,-0.0619116728898125,-0.0289810975150019,-0.0278274578812867,-0.0457253442058785
"ias_17",0.266138351149205,0.2746078401508,0.377578254801194,0.313273239451087,0.284991718517926,0.285472924926864,0.267887757493149,0.24664351184503,0.24391998353326,0.285250106676936,0.38650880634262,0.361459276735461,0.199854297551976,0.248473169469598,0.415857625170598,0.195924988375578,1,0.12111980090572,0.320110554745797,0.199046855153703,0.198642553014257,-0.0562550302925187,-0.00158203249263238,-0.0709709876441853,0.0167380923825597,-0.0218410295813643,-0.071671014172437,0.091404588191784,-0.0366563784163494,-0.0816515750043452,-0.0992669384388351,-0.00125904951725116,-0.0596517170901999,-0.050905575713221,-0.0711365929435464,-0.00694388832403906,0.0493511039836587,0.0637126854266779,-0.0621744368304069,0.0213220429920245,-0.101350580839111,-0.0381665380382737,-0.234630824123356,-0.183069852866619,-0.11215210027629,-0.174110021029053,-0.0662402594333901,-0.199136789278745,-0.122923888556445,-0.101305885637574,-0.192839329563178,-0.144421362331528,-0.23767533265439,-0.229207428691484,-0.164247076839932,-0.168164387830717,-0.043067960724145,-0.0909251396623009,-0.101640253890711,-0.182831510297624,-0.0946374642611029,-0.0841138517773641,-0.0993826145514188,-0.109377174806974,-0.00014926447365126,-0.0139596214009088,-0.0525496754610595,-0.0832491816484664,-0.120572626581867,-0.0883422214369757,-0.0587704301241476,-0.0720372586675526,-0.0627178647760381,-0.042488160626345,-0.0677226075270429,-0.0756078514602525,-0.0807039307733979,-0.0653472094132431,-0.115748309927774,-0.0857993848150405,-0.10111609510509,-0.0201948622079579,-0.0602957335647502,-0.0555395877731248,-0.0961484874769171,-0.0898640153555899,-0.0736128872652224,-0.100735348160098,-0.0641650531719205,-0.0644917109311996,-0.109837052771398,-0.096736854434224,-0.102628426188557,-0.120294817813102,-0.0738747881091819,-0.101204355472502,-0.0872860535128406,-0.0726507823820123,0.0282842679918988,-0.0651307091984032,-0.021305280190486,-0.0300971204905835,-0.0641888056879032,0.0776026187598671,-0.0814812291259274,-0.0217416968548227,0.0325527014112335,-0.031443411865961,-0.0225232826808207,0.0210182978281639,0.00468592384054576,0.0208975525191724,-0.0667177660707444,0.030264879182481,0.0479139183419435,0.0796909135773216,0.0856962746625334,0.0512598615499315,-0.00414777240800836
"ias_18",0.200473929978477,0.0708321434724925,0.124375752987693,0.0887818814148114,0.00607889335835043,0.0788977451459606,0.143444901189062,0.0977670270221812,0.0976208274633699,0.14875531134163,0.0587312419444403,0.116616563576485,0.187911477160216,0.228499658562648,0.165820232712732,0.370960824521604,0.12111980090572,1,0.205090549548128,0.292670301601715,0.303081608664761,0.104197025420443,0.0161346257680217,0.0648676032584495,0.0737542470775051,0.0217903052314843,0.0263016136629608,0.0387386082987578,0.0395333884270802,0.0702132440709259,-0.00700127165149348,-0.0161693737615455,-0.00078091168619104,0.0121312324624278,0.0930406570393709,0.0122316638577884,-0.0336535900898433,-0.00826275940857885,0.408287698904194,0.0213975104314732,0.0560516126254243,0.0440949377214905,-0.0501425855645555,-0.0460557083360054,0.0100120685599591,-0.0843755094094821,0.0292642813174586,-0.0206128639091135,-0.0314911221965282,-0.0121236863916408,-0.0468106644504304,-0.0207696963446345,-0.0771677857166141,0.00848894494927266,-0.0809562273666672,-0.109411767071308,-0.13046218237623,0.0650522192126777,-0.102629782744192,0.0589123755737227,-0.0585569724374372,0.044080134995374,-0.0155312594955238,-0.0148575378092457,-0.0103337140092616,-0.0334404401356715,0.00724801025945638,-0.0230663667380436,-0.00990075115087215,0.0138113634339486,0.0694584056195124,-0.0272954583465973,0.00162984146435649,-0.0133732785414772,-0.0342283882277788,0.00701187436873648,-0.0377247649460592,-0.00498015823645524,-0.0598153356247329,-0.0206219411731761,-0.0593460570963756,-0.00659872876478239,-0.0048532454403146,0.0162134905984941,-0.0488156192876863,-0.0368072343415284,-0.0352553576687585,-0.0412434138725198,0.0176905530823463,-0.0730651048764143,-0.0254621896182458,-0.0394943023470585,-0.0449551223214182,-0.0315559514937728,-0.0693545148941287,-0.0321192918874153,-0.0160331537255345,-0.0334352274274369,-0.0220000776257282,0.0472875611832113,0.0485892500529693,-0.0021059596087029,0.03471155088482,-0.0139715708047331,0.00657235968053576,0.00857443885431462,-0.00574081817013958,0.0718812849041493,0.0445000488472635,0.00592171287536781,0.0025538136811572,-0.059305942581714,0.0202098708784865,-0.0561386758162109,-0.0461012187284436,-0.0602982900218357,-0.0294049549225898,-0.0260594884192773,-0.0361958850324758
"ias_19",0.214765650016919,0.223166261790946,0.24515973533845,0.245774691299923,0.188579054037672,0.23265553835607,0.196641223306577,0.196467245154628,0.151906503205271,0.204081899970626,0.284023256710523,0.346640430993457,0.200298419028814,0.176664524564187,0.304135990549745,0.163490550717629,0.320110554745797,0.205090549548128,1,0.344587655524785,0.27088527833317,-0.0751135515040644,-0.0398831385459715,-0.105440157794784,-0.0243592525998423,-0.0867037183473674,-0.0934747073135751,0.0695544459161372,-0.0639705801751237,-0.061667917059296,-0.100733077519104,-0.0309553411770032,-0.0383884773088356,-0.098589533240124,-0.0961636802198652,-0.0596063117307519,-0.0471165793639985,-0.0450772282699537,0.0341637730403208,0.0831544190935689,-0.0510003757799942,-0.0704847235200061,-0.252756139457409,-0.285892158317322,-0.105685650017986,-0.27164889166166,-0.0119989219642154,-0.206994105372191,-0.183179432906494,-0.06005505186291,-0.199622199407855,-0.179415538179404,-0.285891140310572,-0.162047459242854,-0.280482203382929,-0.262252963519965,-0.0654002014950248,-0.0640318270923871,-0.193414134074821,-0.232218561416603,-0.163316902754104,-0.122598822882834,-0.192280390805804,-0.209531792748214,-0.135204867291689,-0.170760983832142,-0.0878314965680664,-0.170038727192973,-0.221510223446705,-0.143739588352735,-0.129264105769114,-0.195377914373215,-0.155743742189084,-0.198950255750669,-0.198599579656579,-0.139119593315476,-0.174615413017885,-0.15627331777021,-0.240005169695469,-0.209229955054965,-0.229093055521302,-0.152378333447079,-0.168578771657139,-0.192369936989112,-0.218572826270684,-0.154052537468734,-0.169509084028623,-0.231859487669999,-0.145307032505844,-0.221118512907209,-0.235190950700195,-0.177833348783005,-0.204629740627507,-0.234471832686382,-0.186079463492903,-0.231806223692668,-0.227426979463722,-0.204037325545868,-0.0726914611483663,-0.103983468299566,-0.0408542296600326,-0.114557501336275,-0.0954278313411594,-0.0169091067439696,-0.0804466283700926,-0.0790357486216111,-0.0942308382729001,-0.103896225972315,-0.114399384018425,-0.102402527947577,-0.0746661686951433,-0.0902120153539333,-0.0919041164465274,-0.0727552973160221,-0.0883741606454499,-0.0478528959744912,-0.0382544964920185,-0.0637525413189799,-0.0606829384438476
"ias_20",0.215653686352235,0.0986651371252509,0.220407816682512,0.13527259694977,0.147184827305878,0.170195324584275,0.142605002035654,0.211737733070415,0.216188255727588,0.258925941129341,0.135647775129884,0.163515982512629,0.244225030423042,0.26409179196311,0.292993562161673,0.339959408798353,0.199046855153703,0.292670301601715,0.344587655524785,1,0.617536101708491,0.00200836433241218,0.0112986869101066,0.00877071425295716,0.0217893228957412,-0.0781108365708135,-0.048891659404487,0.0542909615028767,0.000596324297771266,0.0173031826012189,-0.0110803630474481,0.0261688871893543,0.0286653408977268,-0.0166583278039053,0.00701045539330159,-0.00365603952311528,0.00968232076522363,-0.0176426953572733,0.0524676039655725,0.077683317062317,0.128547564426761,0.102838496739099,-0.0774637230930035,-0.0544115898634064,-0.00931961603315333,-0.0952524394592656,-0.0520473685051585,-0.0642196080938072,-0.0663409809242334,-0.00724486833016531,-0.0261853064386806,-0.0742815376727471,-0.043141697867195,0.00888299586955021,-0.0962420488902908,-0.0745237970711173,-0.0161179164275894,0.0479271760201795,0.00666760487260573,-0.0876817829228738,-0.0590464727822033,0.0697114525816978,-0.0295796248117207,-0.0575809704131705,-0.0420216923937415,-0.0508425444081134,-0.00457529892486298,-0.00588149904496772,0.000754247920412158,-0.0154574555011966,-0.0225081875913314,-0.00990317296108828,-0.0116549717161436,0.00354056335652573,-0.00159749777023418,0.031371411623959,-0.0583780733968385,-0.0368019301246601,-0.0989071532294158,-0.0091922196741657,-0.0807264815608713,-0.00908140365486589,-0.0186664303199287,-0.043873435557766,-0.122593290950743,-0.00946844198044669,-0.0464700948140118,-0.0607337338449968,-0.0100889891168687,-0.0575701998132856,-0.068343421796227,-0.0410575386645811,0.00010359059690454,-0.0801286458589984,-0.0418842039181497,-0.0752270922077373,-0.0738109372912214,-0.0327561570993361,0.0281402235265003,-0.0483900206910489,-0.00818832795970017,-0.00590368792987657,0.00666985746940343,0.0199399275423088,-0.050907866270857,-0.0436540661978936,0.0413962313695454,0.0480226802238315,0.0238790620488918,0.0176462625910361,-0.00392453213423558,0.000211386465680806,-0.0306795309131304,-0.0431381211421357,-0.0139033398444608,-0.00613691962548903,-0.00280174495049684,-0.00855942365344628,0.0374431514184784
"ias_21",0.192115907812841,0.0718589639166236,0.146812695244136,0.0875855264893597,0.0769660656554287,0.133633241044964,0.173499213909086,0.153506112628545,0.188505714198543,0.260696130021408,0.11693413157897,0.126976721296394,0.235016905123394,0.238899170677448,0.244936786143661,0.398771959167241,0.198642553014257,0.303081608664761,0.27088527833317,0.617536101708491,1,0.116966231306314,0.0409787669612389,0.0877000664163645,0.0577193850823727,0.011174303472593,-0.0231354350269738,0.0765875204079251,0.0716881362665487,0.0394281050057265,-0.00311804179213044,0.109009413651557,0.0259244788593145,0.0501171913223823,0.0489473979870115,0.0394842269725748,0.00847824010367933,0.106140390259797,0.0702627049431165,0.125627579187505,0.192608069430674,0.222364426177043,-0.0202320125705646,-0.0138976277100856,0.054080188551758,-0.0615265122402557,-0.0792914677555202,-0.0100125493638022,0.00583822159837642,-0.0691634961178753,0.0202832040330952,-0.111853550563757,0.000775627067758928,0.0143209983530531,-0.0153163620906102,-0.020276093355466,-0.0689756431439103,0.0128045892348801,0.00140838146964831,-0.0928280443278942,-0.114779703535249,0.0840969583120389,0.0326611233184608,0.02615059422491,0.0627340641279677,0.0458639657772919,0.0808548180674489,0.0544575280818422,0.05178822852206,0.0299465035666085,0.0218445543020929,0.0627330713480488,0.0761770166800069,0.0545175719022206,0.0762168229340146,0.0884351829934511,0.0218391729832262,0.0251698402493496,-0.0432660911317953,0.0862457306655183,-0.0388361230380333,0.0438040815228412,0.0412593113815627,0.0261920338656081,-0.0545573730461889,0.0427189941141038,0.00213375561166621,-0.0331052587576571,0.0644985078824254,0.00553416171759269,0.00266797684074242,0.00746797619609667,0.0619773636376871,-0.033556445487236,0.0324947668151163,0.0283833278347786,-0.0311787505966358,0.0383697967351267,0.0833463572871958,0.0725444930322246,0.0785173249563205,0.0873413114795718,0.0619852870975645,0.0575847898463018,0.0335742995732532,0.088744432447756,0.0517695745229347,0.065779368680846,0.0559878318218629,0.102321006130979,0.0451825832544781,0.0685302353835664,0.0469563825513466,-0.00722684737678828,0.0502521034122438,0.0603691493859577,0.0497617022382031,0.0219501132243718,0.099371339791199
"iats_1",0.142541256345875,-0.131802551855799,-0.0280393334266563,-0.0794459097148717,-0.151235946542528,-0.126985150306124,-0.0843125545558959,-0.144499959074549,-0.0960195082806664,-0.101327230512738,-0.175373647184034,-0.0787197690027015,-0.0888325972398124,-0.0385523734379227,-0.108185058124881,0.0781714875990328,-0.0562550302925187,0.104197025420443,-0.0751135515040644,0.00200836433241218,0.116966231306314,1,0.253709053948619,0.587974761987491,0.262921630851289,0.235605773486169,0.29023324893362,0.0628087972742675,0.386263603127734,0.362247919080136,0.295638121240727,0.249541144984312,0.229572220145914,0.265638733589037,0.295867487703214,0.297410781356507,0.301810967698387,0.347404637401278,0.330849812830828,0.171211716583884,0.379370247273798,0.35398569148183,0.244577560935409,0.231509841030995,0.299550833539391,0.123835957464405,-0.040063901953733,0.232387833954997,0.349190739784994,0.0329190202589555,0.251750744343361,-0.0700128643460464,0.192092536905197,0.222800494488792,0.294713018044886,0.256879418699935,-0.0176324693580419,0.0447886947531259,0.0811581530306799,0.0617191250780864,-0.0291701205381793,0.204451627198452,0.220001034843611,0.220933685147638,0.190456101493651,0.215902218675261,0.210384748338845,0.221569492893917,0.204846127864038,0.266218383688786,0.139039465107206,0.239910348704863,0.248822600830579,0.247993719352884,0.230343986571601,0.281324634735321,0.175441131054475,0.245346504079366,0.0717390522752586,0.219962214870287,0.0692708027927458,0.188029761679854,0.153150199352384,0.135592745780297,0.117533710760895,0.204993115427689,0.205156507682411,0.0753866930836222,0.141146566280054,0.162757137735041,0.110012577374216,0.12336910580779,0.177136754821903,0.0602496659952416,0.197387555563757,0.194539495957364,0.14643689219786,0.218464199060873,0.176109704595909,0.267175975933267,0.239706182813876,0.237952734682558,0.242392512189866,0.154161988121527,0.156114773438106,0.201595581777281,0.14253392161302,0.168482053078177,0.200036016166021,0.231210167750613,0.162014066752171,0.185984066775431,0.243962054003106,0.162274575888826,0.153770113339754,0.133765654032362,0.136268940377151,0.127667768097615,0.204195185558175
"iats_2",0.0436141245570106,0.0547932027058943,-0.00637705055119928,-0.0130229713847968,-0.0705186001547787,-0.010247258924878,-0.0208405668250705,-0.126840847353378,-0.0512754427119434,-0.033433336465647,-0.0341930590751901,-0.075659917630994,-0.0326986102744881,-0.0738405644700435,-0.0398787351410982,0.0508089605119953,-0.00158203249263238,0.0161346257680217,-0.0398831385459715,0.0112986869101066,0.0409787669612389,0.253709053948619,1,0.304664050079634,0.582311071791174,0.430139971562929,0.366386190626555,0.248009101561469,0.245286935075807,0.264138459126534,0.291717778905805,0.336159414292265,0.295550441738917,0.322848489347764,0.265302685892558,0.300909773681425,0.335850275182257,0.26734100809831,0.209470146318457,0.252483931499725,0.286041121421459,0.326629064280131,0.190711541191141,0.182745114412432,0.0722050717097842,0.098702118273046,0.00996538347731205,0.156426422524497,0.200108892514863,0.0851788239251973,0.180626815710684,-0.0864078608215846,0.127787604308717,0.135513038149711,0.137718732373347,0.162755815454102,0.0538362746229623,0.0809759103735537,0.0502912286053186,-0.0203064432842569,-0.122972438937614,0.130571163063187,0.0941748580523908,0.0925816191146964,0.121411408867371,0.184202484068724,0.193102769131102,0.1171563736225,0.162739838295315,0.121679830269878,0.0263835988232728,0.170302860365162,0.17405826135672,0.191665363739343,0.116240133147451,0.153302646306664,0.137628374742809,0.129499032460092,0.0127513873931512,0.177618238900239,0.044196749894126,0.143325398680446,0.0856572383191506,0.0965756884987705,0.0410865276516587,0.127413280933574,0.184588116686074,0.00465256473118943,0.0738340317666599,0.113335478293374,0.101568736872352,0.106831844646291,0.104627498446818,0.0443638799614804,0.1648496863708,0.149501444049629,0.111049398548164,0.118845810261513,0.0879101731582618,0.0549350095473383,0.0139981005117716,0.178143386125718,0.0830571776468365,0.0335208941503912,0.16164157965198,0.106544213148976,0.154726004079873,0.097637938835033,0.137417559872558,0.181174787536598,0.113080683827424,0.139313276213932,0.130940786329874,0.112188001980322,0.159602429932843,0.140006540185927,0.146985330236368,0.0421448131403375,0.101205104719793
"iats_3",0.0267749564606244,-0.0939267274964556,0.030487719903857,-0.0576316693734733,-0.161113804563274,-0.148752735930682,-0.0952386402719848,-0.0990171045092582,-0.130957717433606,-0.0967541305770896,-0.172462658443384,-0.151620082404298,-0.0691597452807185,-0.0891069027837676,-0.0909266599414581,0.0572246073388927,-0.0709709876441853,0.0648676032584495,-0.105440157794784,0.00877071425295716,0.0877000664163645,0.587974761987491,0.304664050079634,1,0.351341280808572,0.319811934396626,0.415815431962564,0.114478924539959,0.42139970840222,0.443042664995717,0.424367962644649,0.322036069091555,0.338876158192051,0.392332968159901,0.403327708468878,0.352216255555675,0.364195476454289,0.445070862988129,0.309249465397672,0.222377602765618,0.410564090317032,0.448689170228582,0.292289474357168,0.280982477002571,0.33628802969565,0.172055898350971,-0.0327706738652163,0.282558967359382,0.371829537801086,0.140682719133453,0.316804603418584,-0.010311659854057,0.238495223368455,0.27575074021653,0.307481610096055,0.275513127355302,-0.0437932185043051,0.1073838517692,0.108315259963672,0.0535403071036993,-0.0253099212611697,0.183582402438995,0.256274050980764,0.226432459943728,0.208307483899149,0.200923617553912,0.237277473741142,0.237777459325268,0.249486058417947,0.326063996976749,0.1837863766182,0.278360898657582,0.259122388588299,0.268333668729393,0.253839542863344,0.290594551516078,0.217617596144247,0.27616196308751,0.0752090309989982,0.213034205545188,0.077937057606019,0.200517238697373,0.146827701966762,0.119355786170111,0.102658784675092,0.207876908517851,0.175047645256372,0.0907047248838158,0.247335267172147,0.118876349480469,0.155340762083008,0.126433063386663,0.174284273885623,0.0944031168686579,0.191311136780325,0.1724995918804,0.178188662658865,0.262302097230776,0.249921501711693,0.341535562771222,0.206955894378601,0.202737579423725,0.23144413965714,0.174953873568505,0.223548262622759,0.203241525494715,0.187414762259972,0.22231208780226,0.203562998369882,0.216005777891809,0.168190713292637,0.192283038866645,0.295243326788404,0.148973630111028,0.154803845158425,0.122182665923832,0.10871122732765,0.151515018969993,0.204705726254563
"iats_4",0.0103972063783057,-0.0173755553814944,0.0048185954936787,0.147749734537029,-0.0433566868981309,-0.018997369571835,0.0176472093025057,-0.0905431039045852,-0.0640627097913522,-0.0358286289421959,0.000673509392771112,-0.0322474704488025,-0.0083418505680539,-0.0316925812929364,0.0374277284892171,0.0019463575684909,0.0167380923825597,0.0737542470775051,-0.0243592525998423,0.0217893228957412,0.0577193850823727,0.262921630851289,0.582311071791174,0.351341280808572,1,0.453735145788783,0.361482450156873,0.288600192036557,0.229336680007256,0.287914875620303,0.246426517478199,0.355164763420738,0.321128684542172,0.325733935403957,0.333587780855278,0.349450491669301,0.34271878510773,0.29774683226044,0.251753928932847,0.246495768676597,0.329459247964256,0.359461412720825,0.17516127339921,0.167328847758115,0.116642979356249,0.0682085318630741,-0.0533760986712467,0.150569590055291,0.19768105475359,0.0940077448856601,0.149426409289863,-0.13239314707464,0.0997545099819534,0.0855980767822974,0.103384487524108,0.114760016372486,-0.00791986242172393,0.0964801639950907,0.000995432023147834,-0.0474647980030008,-0.136574130138729,0.143644811513626,0.107121486243571,0.105310263608155,0.167072967377516,0.166560245871437,0.169755297772816,0.106952915021422,0.127462401089198,0.116088857089919,0.0412458850155484,0.152079605539118,0.164183242025833,0.160808767341649,0.12569944512566,0.16765803949384,0.0922850366523885,0.155212858662646,0.022983089772108,0.163664521925512,0.0384779694844211,0.123422081535319,0.0794005247580091,0.073839610010497,0.00236445362648319,0.122911383337948,0.135750230312438,-0.0120210490982762,0.110375863496855,0.0633936741498121,0.110170012990563,0.0999838875944692,0.0865907415517093,0.0208031567080961,0.176844276655462,0.150231813714098,0.0786572018279069,0.110115251572657,0.127256603450336,0.0924026788182212,0.0765765640083227,0.152848150269734,0.105855274961261,0.0983108330318665,0.153196274355315,0.152761305895685,0.174418176869228,0.141749969473541,0.138281958013662,0.192541041495984,0.145059854876143,0.154470013733222,0.160852552605375,0.129743399635331,0.179710276271713,0.144844180095711,0.149100133986842,0.0714912271561101,0.150728298803362
"iats_5",-0.022268824957777,0.0184865570381568,-0.0345168622844649,0.0141622553205067,-0.142249986951262,-0.0862021388714492,-0.0504279629113059,-0.118343599932721,-0.0732968551663649,-0.0365640510566712,-0.0464095408540676,-0.0894558194717347,-0.065665268134432,-0.0799618796326782,-0.0370833062552198,0.000581289971579627,-0.0218410295813643,0.0217903052314843,-0.0867037183473674,-0.0781108365708135,0.011174303472593,0.235605773486169,0.430139971562929,0.319811934396626,0.453735145788783,1,0.5501158145201,0.216308074149627,0.261527388173097,0.336522822485656,0.317753118760777,0.417242051795148,0.334662041166054,0.405402756422173,0.320891042076919,0.367847729922128,0.347029716742762,0.388237144390542,0.234651762751028,0.241879162121879,0.292508490454825,0.377722217543771,0.151564275644551,0.178338164454495,0.12526608917121,0.106525899410155,0.0160415214853153,0.153411797659422,0.216133813656409,0.0689699748783231,0.178468932748804,-0.046872859375529,0.105517501956967,0.0839216423987833,0.154218758757918,0.111944852608922,0.0311243698628553,0.0525911545646522,0.0706911284790444,0.00278896043780043,-0.0746704071194532,0.0441801896461063,0.0997211557366559,0.110869007510117,0.130070828233956,0.164054882832573,0.10105438783434,0.130585707195274,0.123547674285442,0.0712871269487338,0.0289287073994574,0.189641346502467,0.170638990622035,0.174527523514037,0.144700686728609,0.143630599090292,0.146974489608831,0.161546740447462,0.0767164980409911,0.171386503857514,0.0927610284150721,0.0900774942396889,0.132663810907455,0.123333044156374,0.0778044033751353,0.11554427567809,0.163586629996204,0.0707886863911001,0.0883639987642458,0.116728959761227,0.110404428385027,0.117158994941795,0.108353323106142,0.0663455207303044,0.173164224302413,0.18293221541212,0.0791569725202305,0.146844559533532,0.101555992038316,0.0987414718613634,0.0594100520041114,0.172318096473281,0.141576059230311,0.122913895518833,0.18838773369803,0.153035885513684,0.208814492813597,0.136177988515435,0.189196917045508,0.195072393622533,0.177391244223145,0.202504461121392,0.141250037080409,0.146240413418548,0.218189872834106,0.18587238848373,0.174015979300399,0.129984746740793,0.147231036109967
"iats_6",-0.0350922710080812,-0.0132678964027788,-0.070494249684878,-0.0697966883351,-0.0960141485493941,-0.0693570170989385,-0.0629469834827639,-0.113938169955492,-0.0561159408279792,-0.0635194703280831,-0.162966876175583,-0.0954533456869038,-0.0240608305758357,-0.0608013372534877,-0.101124602855208,0.00603261674914931,-0.071671014172437,0.0263016136629608,-0.0934747073135751,-0.048891659404487,-0.0231354350269738,0.29023324893362,0.366386190626555,0.415815431962564,0.361482450156873,0.5501158145201,1,0.159029350875757,0.409546641553302,0.472770867571225,0.487420753666641,0.335214249578728,0.37658570909717,0.501768172586586,0.447403457623345,0.315491296339158,0.354984481392879,0.412660115949225,0.234606997479955,0.214542658406796,0.305320186803323,0.349190788580316,0.199285530917299,0.18706065723307,0.215286224822575,0.0902703930051513,0.00460262914966093,0.192688607726912,0.224117578903458,0.076200141927498,0.178477405752312,0.00251101392404436,0.133543991070984,0.142659592843823,0.214579839017261,0.146201386451847,0.0466474391751075,0.0634592069793856,0.0644569566935676,0.0506494067438191,-0.0169340189497882,0.112650894241758,0.142498034154729,0.121792167241267,0.119564864354041,0.137173910223122,0.119806990184721,0.151840708315204,0.154824341960086,0.0956316946325979,0.105230607623814,0.159245401350225,0.157611680844277,0.18016469336462,0.13813920354099,0.15480469915186,0.131643607556016,0.173450412132282,0.0658417722175676,0.152479146429215,0.0922391176171652,0.0860487236056648,0.117308856192929,0.150036279237841,0.0656953954574091,0.159725666286302,0.157038448579732,0.114448926608038,0.132694537624579,0.104664539809195,0.10302736984262,0.0775022634747166,0.119856602519847,0.109011216515308,0.134355389223842,0.156923732492115,0.0713219403484378,0.175611928472898,0.132281271861762,0.137141710829477,0.0933889320903594,0.14005826005076,0.153417891864202,0.146115143432513,0.306333721045331,0.0906474125738163,0.165313616928392,0.14619931693966,0.173609979748595,0.171500616304363,0.149031910510396,0.191342974811863,0.190265524456166,0.131377385470134,0.146068381745326,0.149344428928515,0.133794694039132,0.0975610788438503,0.158551840178748
"iats_7",0.0941482285954103,0.0806587662903287,0.108481559215796,0.0690633118457263,0.0519565269712651,0.0922282159593554,0.267940271072697,0.0195210568034474,0.0540283400513359,0.0924659702785428,0.115030138381566,0.0590972876962798,0.0390060430109697,-0.0149043934952214,0.0662422429276068,-0.0296279390994225,0.091404588191784,0.0387386082987578,0.0695544459161372,0.0542909615028767,0.0765875204079251,0.0628087972742675,0.248009101561469,0.114478924539959,0.288600192036557,0.216308074149627,0.159029350875757,1,0.0990670819371065,0.13009471796447,0.143628557420171,0.269431498006739,0.146825734777607,0.16829592785305,0.157769671038758,0.213788714539987,0.226534541772907,0.158741738950573,0.115323129110427,0.356029861844811,0.232145280813788,0.175618089775626,0.0318086325546319,0.0368210887635974,-0.0129405693507001,-0.059911270332947,-0.112359679757036,0.0493683094278965,0.0215478974175728,0.0450925933615873,0.034243827711198,-0.157941601460742,-0.0616485037000441,0.00737899215907004,-0.00622342206530996,0.021736794044237,0.0206418720152156,-0.0220307053351509,-0.0384829173141015,-0.134817585009784,-0.195533305509983,-0.0114876537023817,-0.00036627105863515,-0.000922499276070909,0.0716263897067104,0.0335994408277888,0.026186645125383,0.0124849949124445,0.00356750199250836,0.00276377775196935,-0.00956054282499217,0.0613342582997654,0.0567369489560798,0.0953063090702878,0.0138779337232371,-0.0157706964728822,-0.0238806613814063,0.0113108001148685,-0.0793318263739364,0.0295351251176838,-0.0356641748639213,0.0300440314647103,-0.00523358547936781,-0.0460459630172521,-0.0243433509865505,0.0381399940612108,0.056455285466506,-0.0701204047007355,0.0721121154879245,0.00864985982134855,-0.0221315140604699,0.0142583198650656,-0.0183786581530755,-0.0591609419974926,0.0500688952961488,0.0561892795414441,-0.0208115349972614,0.0388831491952643,0.0173351877251476,-0.017552347544697,0.0695767271256803,0.0536350701027102,0.00960049014273966,0.0796468607101255,0.0291844646169364,0.0747908594264838,0.106023385632356,0.0639181089852174,0.0639174392099949,0.129536743031655,0.0834549115441421,0.150100959161376,0.0275531585592999,0.104616777739234,0.12654184064249,0.144191929335819,0.120741150255486,0.0665798831596336,0.0852776589687693
"iats_8",0.0160212857950828,-0.0977152779823467,-0.0488432059757061,-0.112785745857692,-0.125352298933202,-0.0894283636284547,-0.000161868937007167,-0.0818494891237589,-0.0492902192445639,-0.0450595733084961,-0.139744522800777,-0.134045785834554,-0.0805245608872024,-0.0209580306568331,-0.106523542186748,0.0412087532027165,-0.0366563784163494,0.0395333884270802,-0.0639705801751237,0.000596324297771266,0.0716881362665487,0.386263603127734,0.245286935075807,0.42139970840222,0.229336680007256,0.261527388173097,0.409546641553302,0.0990670819371065,1,0.545989908383006,0.455640692103338,0.243981904765034,0.294875687874996,0.3877031393087,0.468799957434477,0.321146237505786,0.343170434031778,0.400902520776838,0.280911491946952,0.133683896723086,0.328924404675431,0.343713179532533,0.186158083689345,0.172175972829872,0.217734296780359,0.0973323550030823,-0.041359401989307,0.189912629130193,0.238110497272013,0.0537910615940977,0.189372338386691,-0.0606715782246155,0.131842326919749,0.181026463634415,0.20412276761619,0.188497543641478,0.0167029554429289,0.0409373729019941,0.0487420954822051,0.0463699102868221,-0.0269721688476059,0.162562089101058,0.157921551158152,0.15578315010794,0.0752574190520674,0.146702731460186,0.142521153169088,0.14969125110254,0.15361234827197,0.152282290511127,0.0775331923737286,0.241664019376929,0.209781169402803,0.205915602252998,0.153274012031385,0.165023493758737,0.119975954280924,0.165742362107743,0.00683392606022018,0.164444847372765,0.0596802613462858,0.146536680591863,0.103247760414877,0.112143418401005,0.0549116980616803,0.187564943207112,0.12524520876408,0.0351413907897085,0.112634139320914,0.094086369402949,0.0561959603601626,0.0735612879732185,0.140267977782529,0.0739921682856839,0.121062909685894,0.12017568204049,0.133774778703984,0.192581088082883,0.121166482868608,0.159393235647015,0.241557012542634,0.147724280200397,0.199502847519226,0.108560733035664,0.204109885711318,0.104151570291631,0.184302976496895,0.180651320371362,0.195845740910088,0.234941285900665,0.175690641613862,0.163603449102274,0.226505226285859,0.132615118869176,0.145638047204107,0.158066208131997,0.170498221423428,0.156746005297062,0.191049495071854
"iats_9",0.0412457799796263,-0.00651804000104764,-0.0201597964578866,-0.0726157876805629,-0.0269356748186866,-0.0393607020080039,-0.0685955019730522,-0.0436135612023914,-0.0398135257772924,-0.020826377568905,-0.11167872415471,-0.0864863027339986,-0.0251756598491928,-0.00210857604299721,-0.117053043421641,0.0494786690890852,-0.0816515750043452,0.0702132440709259,-0.061667917059296,0.0173031826012189,0.0394281050057265,0.362247919080136,0.264138459126534,0.443042664995717,0.287914875620303,0.336522822485656,0.472770867571225,0.13009471796447,0.545989908383006,1,0.71588654862343,0.298808270231847,0.405863859679603,0.511931140702647,0.609675338586385,0.265226196136526,0.343567622129967,0.331158447396857,0.289854144209191,0.193294695841847,0.39677305131667,0.381050330638293,0.152961851614635,0.174235745620808,0.129605832311192,0.0571011423822555,-0.0320131911571929,0.14759471292991,0.194395446720465,0.119867722672525,0.131849856637901,-0.0136279146256213,0.177587848756075,0.197320115294601,0.163865617761251,0.154564570013259,0.0561266715050404,0.10672630951285,0.0797886844427794,0.0869981684596746,-0.00311267845761859,0.165858346278797,0.107242656896958,0.0736197968638969,0.0449213107974621,0.0541013436364275,0.0582055931274735,0.09387951503308,0.0963223591630299,0.131326902317732,0.0397508678503025,0.108737902647354,0.110238047338419,0.101096255191189,0.0971671487304807,0.158153814666735,0.0482427515855721,0.0830679268414542,-0.043587394796535,0.0578212223744881,-0.0343613535765085,0.0855808316963477,0.0333086576939112,0.0388388789924197,-0.0137536331258878,0.0719455784481348,0.0788881687458284,-0.0341829123514714,0.0636781970069945,0.0234400593591475,-0.0055959100498355,-0.00192971364008697,0.0459271374889283,0.00353203809165524,0.0725120728864598,0.0523362772454544,0.0268467206026621,0.0846587497187206,0.0429363864722554,0.121604545091289,0.087653307803616,0.057839340899079,0.125870904350727,0.00180893327278098,0.106478691129973,0.0590524655128202,0.122470700237418,0.0892421234059517,0.117051977994187,0.0853436396448304,0.0541332108688678,0.0657839701103505,0.170263779317225,0.0712208718865995,0.0702549909845289,0.0530659532981533,0.0686563820373858,0.0506045774976447,0.118703328386143
"iats_10",-0.0276982584109775,-0.0611391573260344,-0.0580053961443071,-0.14672265251358,-0.0803817713825471,-0.107446812661874,-0.0889179197108357,-0.00927069517966131,-0.066786590013763,-0.00458627195821685,-0.139189036956987,-0.143187317453862,-0.0469920331701224,-0.0409424391935937,-0.147583703324637,0.0257773274882787,-0.0992669384388351,-0.00700127165149348,-0.100733077519104,-0.0110803630474481,-0.00311804179213044,0.295638121240727,0.291717778905805,0.424367962644649,0.246426517478199,0.317753118760777,0.487420753666641,0.143628557420171,0.455640692103338,0.71588654862343,1,0.353310178253729,0.403569590500544,0.519216108983805,0.540466239424043,0.299198336403102,0.378697395130842,0.396778071838322,0.2892746548703,0.238114882270833,0.373131560803268,0.413892603094918,0.226705937451389,0.181630634300982,0.202642068593315,0.100755435038455,-0.0390087978992915,0.219687334595908,0.232079275749957,0.104731723857197,0.218583478031199,-0.00594477731361064,0.195781026425808,0.191498131530562,0.227797803381238,0.192875933609508,0.0646995476444413,0.0730013417453632,0.047559395768178,0.0747635165717203,0.000811923674954115,0.143935517748337,0.149602334352599,0.133137192962258,0.131994955158638,0.138019609632005,0.138175898807423,0.151893937818901,0.164801282468155,0.187726053390077,0.130343164323129,0.186484633513699,0.163179255327901,0.16192224512605,0.143683391173974,0.17052439615322,0.114688785489533,0.172908291715102,0.0416674001801787,0.132999185091913,0.058718875076072,0.117031527635808,0.102456416499625,0.105724545900006,0.0437449239184485,0.133234471198167,0.139107639469133,0.0593579984364303,0.138622559838217,0.105553194383732,0.0599660008994048,0.071370165796119,0.104832991434387,0.0664052595879428,0.128955771848171,0.125393947230299,0.0801693323859907,0.146599727724126,0.108965189822591,0.215444433553091,0.133226704922969,0.123265855982882,0.171392297642531,0.052033645873969,0.175228811559961,0.121120889935919,0.151975226365644,0.111391999319067,0.144671743874295,0.132971202467783,0.0897279171928466,0.130792166254173,0.157078763195815,0.116956043257228,0.112299324128812,0.111868942367879,0.100790127490261,0.114225916800485,0.136129093425053
"iats_11",0.0381416381035378,-0.0802175613752175,-0.0117296423108509,-0.0407806373994735,-0.0909054520764601,-0.00490556184750583,0.0535692488047361,-0.0728157179439211,-0.0171959552357702,0.00324417749945015,0.0337384638620689,-0.0887717995462712,-0.0324122870375234,-0.0477217418364061,-0.0120627652275846,-0.0258023733046112,-0.00125904951725116,-0.0161693737615455,-0.0309553411770032,0.0261688871893543,0.109009413651557,0.249541144984312,0.336159414292265,0.322036069091555,0.355164763420738,0.417242051795148,0.335214249578728,0.269431498006739,0.243981904765034,0.298808270231847,0.353310178253729,1,0.272302925858202,0.333713078591914,0.262795997443922,0.400424997478366,0.421708494556002,0.398881087744997,0.211521637540404,0.314661139012814,0.354530844048522,0.440848976403668,0.239216481405171,0.180275228912566,0.171672843851931,0.0925566474227999,-0.0888417518622282,0.207220177401132,0.218864947196243,-0.00449590655797075,0.224354280799252,-0.0995786709361854,0.15412979071264,0.133277671807889,0.197418051102179,0.149107376861116,-0.0229949293457526,-0.00925363504134485,0.070009339740603,-0.0484811035669261,-0.115112974822079,0.0738018378404726,0.208805888808328,0.197120586969529,0.236682041008972,0.251487192484324,0.21566823114355,0.215673306606985,0.202201201990693,0.189902367910104,0.134307875105939,0.207722073928948,0.227899716487717,0.239314230958195,0.236500150333301,0.230775053607281,0.20514566194486,0.172809924818387,0.100132053872779,0.214893603772769,0.159531954200403,0.2104361787667,0.197302289098366,0.123463867021061,0.11580580236766,0.20042419683399,0.205741449951747,0.117311919368656,0.222438436385769,0.207654679545635,0.172266564777642,0.140805631006321,0.187812456263068,0.138065591961186,0.233486013701252,0.225837408211777,0.169370639168402,0.214824466460334,0.191359893650612,0.166616669765682,0.13081808344998,0.253804359417652,0.185766594048119,0.142199420256186,0.217512358572561,0.224597731212716,0.203047644786915,0.142666697987883,0.171401935302465,0.234656545896629,0.178679744729027,0.200618218395773,0.162746332778267,0.173958318887241,0.218248309724584,0.195844718885477,0.193074806444309,0.171215407973857,0.171578701562491
"iats_12",-0.0458125190872675,0.00159296590736678,-0.0355242449372061,-0.0216166251795789,-0.0164219889574877,-0.0966806369537329,-0.0159578271764972,-0.0592992350781766,-0.0426593979659936,-0.0775711390349531,-0.0876420917803711,0.141189258186434,-0.044642467070058,-0.0702336853465832,-0.125419225348912,-0.0387620665417766,-0.0596517170901999,-0.00078091168619104,-0.0383884773088356,0.0286653408977268,0.0259244788593145,0.229572220145914,0.295550441738917,0.338876158192051,0.321128684542172,0.334662041166054,0.37658570909717,0.146825734777607,0.294875687874996,0.405863859679603,0.403569590500544,0.272302925858202,1,0.430834314021934,0.400269932413571,0.323768911610978,0.319572324490771,0.317476609810411,0.195258870502946,0.333599383701687,0.370115370690046,0.332314810721443,0.199251745921331,0.179883555373106,0.119147839772086,0.117517501600586,-0.0811334561530387,0.187651653595776,0.150340378093265,0.0850584886533385,0.200116335806534,-0.0107999538956601,0.175234118821929,0.208715174407953,0.231264323632035,0.215083025501313,0.00119895460519813,0.0396123206198656,0.0987994670031963,-0.00828760990895051,-0.0392998093600653,0.150022255394163,0.129963155428436,0.110413209600735,0.0975588492729683,0.0467700453475658,0.045667281990961,0.110788644938036,0.115467964944466,0.103863996099864,0.0938058216692541,0.0963354788286758,0.123000803119088,0.113856527996459,0.116425263462129,0.143757595445598,0.0960689916507319,0.128666297386268,0.0242492526334393,0.107197151563472,0.0494268292045912,0.14329518130955,0.0871547329603939,0.104249030430537,0.00242912343643813,0.130095402008432,0.0789280368324906,0.0711432064923549,0.149156845499255,0.0566989931264957,0.0744378812839192,0.0503208125273904,0.136391244289712,0.0818220710602337,0.140933211563274,0.147373799934267,0.0799029954402546,0.144041581762869,0.0873002797234127,0.0799110062877237,0.0755580544427145,0.0578112195439872,0.104808046878211,0.0964569390422825,0.0917502688046984,0.108381701446023,0.144043889687162,0.137136289347741,0.120590433042871,0.112532297564188,0.0861226031759146,0.0839585487145519,0.167313878207446,0.101957219864658,0.100486786236662,0.103441693270909,0.120864565242002,0.0868999082859775,0.106156771328619
"iats_13",0.0096926838242039,-0.0237611484767118,-0.0162135216046695,-0.061206535509818,-0.101778302337496,-0.0890858317575297,-0.116491779850288,-0.0999230459663656,0.00569799581382273,0.0283527214147438,-0.0843200156291788,-0.0690094211777409,0.036383353796702,0.00188004148621037,-0.102621212309303,0.0334611480261123,-0.050905575713221,0.0121312324624278,-0.098589533240124,-0.0166583278039053,0.0501171913223823,0.265638733589037,0.322848489347764,0.392332968159901,0.325733935403957,0.405402756422173,0.501768172586586,0.16829592785305,0.3877031393087,0.511931140702647,0.519216108983805,0.333713078591914,0.430834314021934,1,0.684082334073417,0.385127532599324,0.385851976429522,0.403876164545962,0.240212031697661,0.268843910643017,0.334479523978163,0.423790571509186,0.211157488785023,0.176783086451284,0.206629546533942,0.108205472966044,-0.037626493839287,0.199207355067348,0.246211784756109,0.0716085141654228,0.184602454653451,-0.068778824874604,0.182463899897534,0.185415568363019,0.222266290691327,0.174635369479003,0.0139264825358589,0.0614676854687804,0.053566717369899,0.00448943473859387,-0.0339904425506,0.181775433610284,0.120583676784856,0.114359449476321,0.064208868815622,0.114069779795013,0.135731172985813,0.155412535810671,0.124603331662082,0.114846612923698,0.0230789292469826,0.172155987778744,0.148743934948731,0.172936158455499,0.109095265870265,0.13603997074092,0.126888779814734,0.128980498205458,0.0453820885125049,0.126949699316372,0.0662771138284817,0.106972159394827,0.0891701350950405,0.137764352126527,0.0939553321445139,0.129876997428648,0.132126183245128,0.0618519436272642,0.108864400644573,0.0777096342645607,0.093656258243264,0.108339529076666,0.129102202838878,0.0767515247577472,0.149955252007217,0.155838174414534,0.0882701182860879,0.156675246646588,0.163221045115247,0.139811795347538,0.0981709203648328,0.174995961321392,0.145341329257507,0.131458934898297,0.277874439082417,0.0683818688905913,0.138786936313735,0.0841380114589128,0.120198701911855,0.144221540761812,0.0961671938252101,0.0919979625549279,0.120313869262196,0.0661348517997665,0.120785477597913,0.102026124170872,0.0921274200357202,0.0999008331098319,0.126069095062157
"iats_14",0.00546710767474827,-0.00677251500560395,-0.015183421705378,-0.0383140856065074,-0.0305987699287669,-0.0723253206616618,-0.0641470674033243,-0.0716258140415093,-0.0665438273218614,-0.00931588740015977,-0.102920979750975,-0.0547033539846426,0.0427574013796608,0.0558526007324376,-0.100068198751611,0.0308310757093312,-0.0711365929435464,0.0930406570393709,-0.0961636802198652,0.00701045539330159,0.0489473979870115,0.295867487703214,0.265302685892558,0.403327708468878,0.333587780855278,0.320891042076919,0.447403457623345,0.157769671038758,0.468799957434477,0.609675338586385,0.540466239424043,0.262795997443922,0.400269932413571,0.684082334073417,1,0.327270874608738,0.359065336535075,0.374819521889574,0.329474958052562,0.197167386200003,0.363111906209574,0.390309460948213,0.180765976434917,0.152496017919483,0.183245523832495,0.0443122267683175,-0.0819225875098801,0.196523262114122,0.255404560874723,0.137661790929274,0.161307696821485,-0.0254246409641704,0.161395558041905,0.18864214842724,0.201687000344284,0.157096386768906,0.00835192905814476,0.137228883066048,0.0158760469032349,0.0525320767975247,-0.0311905911340045,0.20467368944716,0.108676657027518,0.0937029328541529,0.0743704888642756,0.0785507249830015,0.102515285127757,0.0963438654080615,0.128082216804418,0.174469287705967,0.0522192867398571,0.122527630107762,0.110800040762079,0.12685899627278,0.114497906749767,0.138037588356254,0.0528820690328284,0.111096248978979,-0.0305079836867082,0.0789279467659431,-0.00658889602970846,0.0802515756727269,0.0329165993371951,0.0534862784124767,0.00206037303981884,0.0782464952056231,0.0641341954322544,-0.0143550965923003,0.0911747596583407,0.013510260341585,0.0531700842443383,0.0480336081541345,0.0800663618702076,0.0142980173809425,0.103640967058874,0.0835221407132283,0.0589333705853506,0.116113365191428,0.10220495107522,0.0943408605125197,0.11103949513972,0.115374556462934,0.172402125187162,0.106227148265028,0.189968087676116,0.0787058806987418,0.167657191922122,0.123513240425694,0.112081153001444,0.115173060541135,0.0894338850666181,0.0849760547805643,0.18402076144761,0.0576012142338511,0.0803199621054686,0.0525093906564543,0.0674956141320068,0.0881112460064789,0.115358787106983
"iats_15",-0.00999586105190367,-0.0942134812461867,0.0109937373078402,-0.0526356112544,-0.0793205160306514,-0.0155762509007588,0.0259042441477001,-0.0875001422179046,-0.0540324944448013,-0.0242271506665496,-0.0436393436107145,-0.0795587944073186,-0.091353642736106,-0.0132224597216543,0.0409292104860759,-0.018765564350389,-0.00694388832403906,0.0122316638577884,-0.0596063117307519,-0.00365603952311528,0.0394842269725748,0.297410781356507,0.300909773681425,0.352216255555675,0.349450491669301,0.367847729922128,0.315491296339158,0.213788714539987,0.321146237505786,0.265226196136526,0.299198336403102,0.400424997478366,0.323768911610978,0.385127532599324,0.327270874608738,1,0.499547274266187,0.562073665958798,0.248113137525225,0.238488517231593,0.333609103432294,0.401625391572559,0.207889243784257,0.207117460395657,0.292296524147001,0.162941741130878,-0.0767328025791955,0.19426603147245,0.263806422201268,0.043651844244794,0.232333792162347,-0.111271439991792,0.143320320970295,0.13253723032201,0.246675762633772,0.19279216768988,0.0128916896557385,0.0079226596253869,0.0722104182937076,-0.0120977302439886,-0.0222075213827807,0.0925296417545749,0.176880127019342,0.164570345089441,0.213246441291496,0.254351806925177,0.197858344739143,0.180484382308699,0.209475119071891,0.207031553700564,0.0738247081911301,0.250121428416896,0.228886793129952,0.237347482751738,0.210117836052194,0.188558996100036,0.186493744179862,0.207811900020022,0.106179315878114,0.206417466643988,0.126878001684734,0.185746414945066,0.174378675590426,0.180248064206233,0.10460774037968,0.216498488142472,0.184315354993261,0.0760056459579645,0.165707316074826,0.139546815591798,0.108681449277288,0.118446307144232,0.175021134954786,0.0915316602037682,0.209880094769916,0.205178548628203,0.130016805739528,0.266528422591592,0.324312545753245,0.208035074181708,0.220303955171129,0.259425136462439,0.214232459786432,0.431491889745509,0.219357179120464,0.22554520398353,0.255259535522611,0.182399441672795,0.248460982440093,0.246741724248072,0.180137240219908,0.260946269959858,0.201709850845847,0.18816016146746,0.191505831656591,0.186178534855546,0.150075614260542,0.186770873826687,0.204897632926076
"iats_16",0.0064504369587454,-0.0720264278330108,0.0541219870611858,-0.0470863060263012,-0.117215790970116,-0.0726213701125857,0.0127670011353199,-0.0944782104014508,-0.0776576098834074,-0.0205896640734142,-0.045960429329809,-0.0515282588953243,-0.067774949766124,-0.0812657273091149,0.0056916896890728,-0.0142092539562952,0.0493511039836587,-0.0336535900898433,-0.0471165793639985,0.00968232076522363,0.00847824010367933,0.301810967698387,0.335850275182257,0.364195476454289,0.34271878510773,0.347029716742762,0.354984481392879,0.226534541772907,0.343170434031778,0.343567622129967,0.378697395130842,0.421708494556002,0.319572324490771,0.385851976429522,0.359065336535075,0.499547274266187,1,0.566907649095235,0.243011999229022,0.289375903026476,0.37719400484333,0.392425571732066,0.182332827646641,0.190653949537792,0.242353054405861,0.128501085933204,-0.0865680822212864,0.21789829088148,0.285861575911336,0.0662539245386369,0.26068712362269,-0.0622511771484254,0.128952330793716,0.171856811415739,0.253013635540949,0.224096765708023,0.00610126730568454,0.0733815188327709,0.0959540043770499,-0.00859899924182204,-0.0443828180540801,0.0968120375495047,0.194542766996224,0.155550804066244,0.198927191451745,0.230499259937453,0.179059220386325,0.153124233730518,0.169960419470657,0.151286550040254,0.117557546596681,0.218846996053029,0.257681558373909,0.280744169275439,0.199449821561662,0.192601282266389,0.205424903777472,0.246063345113089,0.0878023605532834,0.194806644553358,0.120389478372127,0.202396093119885,0.151963430247743,0.160252217741639,0.153648344732396,0.210237319834623,0.239220409273181,0.0881661083637603,0.184060889306391,0.127447818656094,0.137769506446907,0.144243448301416,0.181623293051678,0.0787843454473455,0.235131259323019,0.241543440312673,0.176667646998502,0.264259055301703,0.252692557748342,0.167257567327094,0.176086882702313,0.244591823583218,0.133175320714933,0.267358335097869,0.151799834717786,0.189233556602413,0.293128654136376,0.237677787646755,0.261420091579699,0.342012774256447,0.266819870793893,0.302078987803734,0.218287370435596,0.276251305284626,0.2733457921483,0.277100759147395,0.273022639707823,0.227633998475409,0.268590405743062
"iats_17",-0.0296223408613528,-0.090124673516298,-0.0374101337935663,-0.0654426625808208,-0.14680885517674,-0.0625822970380964,-0.0262822691894242,-0.0957312251528585,-0.0899361538117574,-0.0289651050035316,-0.0675364956481841,-0.0829847014020242,-0.0670841840239345,-0.0295212266263913,-0.00649010099918755,0.0171562872899628,0.0637126854266779,-0.00826275940857885,-0.0450772282699537,-0.0176426953572733,0.106140390259797,0.347404637401278,0.26734100809831,0.445070862988129,0.29774683226044,0.388237144390542,0.412660115949225,0.158741738950573,0.400902520776838,0.331158447396857,0.396778071838322,0.398881087744997,0.317476609810411,0.403876164545962,0.374819521889574,0.562073665958798,0.566907649095235,1,0.269957108460103,0.267159281713452,0.366922831306563,0.460812440175306,0.25047993395107,0.230372304938215,0.353471073831353,0.147704669998365,-0.043049518809239,0.238958214016927,0.369874594853204,0.0179645270506965,0.285787164764357,-0.0931014474577957,0.171616248487775,0.166766539020259,0.325116926503101,0.210017140821435,-0.0101718142850444,0.0273295174936745,0.117359398674205,-0.0421060937863273,-0.0403909098815886,0.0981315487666125,0.254607051267449,0.265940188675019,0.291199306461219,0.312073795133112,0.258952596008007,0.256103130240879,0.205990134993368,0.218487591403581,0.195266928349692,0.325467110588598,0.304454731085771,0.320303553367603,0.258728229083526,0.25450405449303,0.247917586093343,0.318418511788845,0.179181855176431,0.285847478796083,0.187981484899648,0.234359574599132,0.23373080828391,0.246939775708391,0.208568593550125,0.28109246625758,0.245816427796966,0.144454421266303,0.266536674904521,0.179371018101356,0.196262296148056,0.152608225666348,0.232868429358145,0.147223693723519,0.271799355003312,0.271113249509282,0.204123333261209,0.301920878039883,0.366532931554025,0.266952112938641,0.2543984853214,0.324721612246117,0.258727502715813,0.384260735806886,0.281815118518651,0.303252877288675,0.315958650031418,0.2606982650426,0.318325245010331,0.33930923885266,0.283376749372613,0.368756735596382,0.255689057219276,0.256063433221882,0.242110997633482,0.267794785207894,0.26578850763978,0.300347167246046,0.283145860905761
"iats_18",0.040314205775917,-0.0383400338527417,0.00196443399090941,-0.0479258948569244,-0.101899708411427,-0.113362628032769,-0.00371005797144189,-0.0832243888362324,-0.0420775668933735,-0.0424199751743109,-0.0893239775733264,-0.0813389898743426,0.0126533202654651,0.00446497340393101,-0.0485323703032468,0.069788256215394,-0.0621744368304069,0.408287698904194,0.0341637730403208,0.0524676039655725,0.0702627049431165,0.330849812830828,0.209470146318457,0.309249465397672,0.251753928932847,0.234651762751028,0.234606997479955,0.115323129110427,0.280911491946952,0.289854144209191,0.2892746548703,0.211521637540404,0.195258870502946,0.240212031697661,0.329474958052562,0.248113137525225,0.243011999229022,0.269957108460103,1,0.154957785665395,0.312320766409585,0.325709219842585,0.18348825410344,0.138734515572608,0.17642027088195,0.0704806921226658,-0.00764333408874274,0.213249072256848,0.233109479743654,0.122437517958585,0.153142577151544,-0.0163258370055998,0.0956395314115851,0.1785092955058,0.160908792149867,0.14316681673059,0.0126614422375403,0.0883733435663832,0.0313017776081186,0.0841607526055452,-0.0422999748591291,0.17842602428624,0.141604052224611,0.165165536824145,0.149382513225663,0.134732060879491,0.189511844846749,0.149670959054795,0.172349744014703,0.214650244521802,0.169833545905175,0.182799715238045,0.181570093777684,0.158102409178146,0.152523377982289,0.177285235515293,0.182610210279165,0.20999858250849,0.0180576458555879,0.130635158742303,0.0391310011485526,0.117687074560798,0.100939114003455,0.0657569204022478,0.0308220057191961,0.0756533365676582,0.13116239779912,0.00321376590913155,0.122050347089914,0.0367512107104987,0.074365286356057,0.029528080154709,0.100115266199651,0.0412816457023257,0.0882087722479239,0.129346965476941,0.0762327638677362,0.12207151408403,0.133323732455079,0.210071107233879,0.220747060636728,0.138724474025732,0.132924437369728,0.101761850528024,0.170995020862364,0.164742246096344,0.126889333764038,0.178224991706991,0.167558102870047,0.151352560065886,0.127206162471558,0.0989696268162639,0.19950544710473,0.122538107492608,0.118820485436791,0.101893732579978,0.118849028769663,0.128387197252721,0.164145316333765
"iats_19",0.0469094936660241,-0.00169965046924187,0.0405663658326963,0.000359918829580924,-0.0419569615249099,-0.0248765157825084,0.0819551469085878,-0.0237234638241043,-0.0176936185517625,0.0248523383988823,0.0236424667921926,0.052111486250538,0.0123125557466866,0.00353054829849572,0.0310249582361601,-0.0303844596806946,0.0213220429920245,0.0213975104314732,0.0831544190935689,0.077683317062317,0.125627579187505,0.171211716583884,0.252483931499725,0.222377602765618,0.246495768676597,0.241879162121879,0.214542658406796,0.356029861844811,0.133683896723086,0.193294695841847,0.238114882270833,0.314661139012814,0.333599383701687,0.268843910643017,0.197167386200003,0.238488517231593,0.289375903026476,0.267159281713452,0.154957785665395,1,0.408410707224466,0.373593773180154,0.161472680153186,0.169147291751842,0.0900664797868111,0.0814220120866952,-0.154410030142074,0.188303514534496,0.167113858353596,-0.00490966784873186,0.14553123692222,-0.137841425607962,0.124582366119684,0.107152721963796,0.13775725438311,0.121699941817931,0.0244630792511935,0.000579658298642472,0.0985997922690067,-0.149604531357498,-0.124446082927758,0.0600260239044881,0.115206179098464,0.106765769302512,0.12020043294969,0.158478592730205,0.160386284264215,0.156945369135124,0.122685809470661,0.114146891099744,0.0789296298119571,0.156705933273678,0.170232190159211,0.190525996164042,0.119357446780632,0.139081552835944,0.0967447265146053,0.139977560701279,0.0401497754665143,0.126326054116375,0.0689531330903796,0.14352637469015,0.0854329593857365,0.0969453010803381,0.0611499496769854,0.122457067036385,0.126789290099977,0.0705751790362053,0.1461542064855,0.0943583853500539,0.0764559473555892,0.0763699811936964,0.143316309384432,0.0475871169553458,0.167809350718877,0.151260995668145,0.051500159537536,0.157711350438014,0.0973128184895815,0.102270297295833,0.151438562145218,0.161255811290212,0.0691650771810969,0.0898999641559969,0.120684964158944,0.128603379826334,0.12528102411062,0.0902441632904378,0.109019104457782,0.137085770793512,0.0938073926410787,0.148231518783466,0.123837759619064,0.154536947203949,0.168405748174215,0.161117798438692,0.140752801064047,0.0860235328064768,0.166746853830167
"iats_20",-0.00210790803799879,-0.106419603015562,-0.0649639884689211,-0.0759742793293655,-0.0900164392232842,-0.0807536543747702,-0.0125896135102205,-0.0310971972497165,-0.0498997677195725,-0.0340640879379975,-0.0669118065584132,-0.0808879918404941,-0.0254132031530895,-0.0694024696282683,-0.0876104669021061,0.0303566365740293,-0.101350580839111,0.0560516126254243,-0.0510003757799942,0.128547564426761,0.192608069430674,0.379370247273798,0.286041121421459,0.410564090317032,0.329459247964256,0.292508490454825,0.305320186803323,0.232145280813788,0.328924404675431,0.39677305131667,0.373131560803268,0.354530844048522,0.370115370690046,0.334479523978163,0.363111906209574,0.333609103432294,0.37719400484333,0.366922831306563,0.312320766409585,0.408410707224466,1,0.639663350390944,0.303800554032898,0.257012821833535,0.220470047019711,0.135633567679166,-0.121102963343746,0.305246344727591,0.303134201442366,0.0935481573783807,0.290680713191536,-0.0808427614781334,0.241010009313538,0.281071312650862,0.259023526419851,0.247900346926989,-0.00372309794509587,0.079756369690746,0.12086925654152,0.00675882171105461,-0.0844175009796288,0.178158379513696,0.185382561500457,0.149535154813463,0.167051449833857,0.142211069918627,0.165151373989199,0.190935251356198,0.210271637470322,0.238526377768564,0.150007914764142,0.222366733976228,0.243017148065486,0.235944215763647,0.227116077253818,0.247133232997987,0.149323565144006,0.209336965608114,0.0273099649564271,0.219553868051092,0.0598639384661062,0.157900096866847,0.146572387251203,0.112469670434739,0.0837793756942754,0.190734612905887,0.154963632950426,0.031337251539962,0.21471951684397,0.111792824045739,0.095732612907785,0.0731408474796474,0.171994044518317,0.0369114231224183,0.209120386369668,0.194164803574482,0.135583389454373,0.232506615951787,0.106587445906783,0.148643634934228,0.164763080923888,0.164023639960035,0.178084055263232,0.114723205815954,0.159393700826504,0.197474459565729,0.196905934206734,0.169979902370533,0.147339268710213,0.192838662502402,0.176280979308445,0.159377992466369,0.1769353883743,0.165562251075173,0.181099237181352,0.163682236561515,0.198738908704882,0.164607435244458,0.18712622559257
"iats_21",0.0227501404474734,-0.0852831531325816,-0.0268325630474602,-0.0716885580310826,-0.127860188850546,-0.088665684670501,-0.0470621282274401,-0.064093964354689,-0.0508783278486355,-0.0192673696221177,-0.113702244903939,-0.139303850544001,-0.0444315421251956,-0.0888367681373177,-0.0792987297976563,0.0180806012249049,-0.0381665380382737,0.0440949377214905,-0.0704847235200061,0.102838496739099,0.222364426177043,0.35398569148183,0.326629064280131,0.448689170228582,0.359461412720825,0.377722217543771,0.349190788580316,0.175618089775626,0.343713179532533,0.381050330638293,0.413892603094918,0.440848976403668,0.332314810721443,0.423790571509186,0.390309460948213,0.401625391572559,0.392425571732066,0.460812440175306,0.325709219842585,0.373593773180154,0.639663350390944,1,0.320356847970637,0.292322584073268,0.243229690851335,0.171942357920665,-0.0712951322349581,0.258462988847833,0.310662884873482,0.0725403115497064,0.284030982310741,-0.081078291988571,0.226680356792695,0.227987545098928,0.260557639738435,0.233524696931796,0.000177172656308163,0.0655993220418814,0.109250677870811,0.0109526790769775,-0.0801752396052435,0.164406343648768,0.194592110009048,0.188482414589601,0.228877337308957,0.214864931818059,0.229554622049115,0.241828778916664,0.250414328649041,0.25782677342234,0.145325777147821,0.270287770956372,0.257778477547078,0.289101796455502,0.242026195484473,0.263225881564209,0.191576285777955,0.227856399362355,0.0880428056208262,0.274423518225806,0.108411178181585,0.207042335968712,0.206131264688692,0.170154611701459,0.108309029199297,0.217131958092787,0.20950385512392,0.075965071118956,0.221973395891089,0.170739328136888,0.141011680152516,0.146412673626067,0.205078281309567,0.104401390961065,0.244296910405777,0.238809408044255,0.16385507785279,0.257518019952998,0.172956488443759,0.198503473929229,0.220906039758837,0.225581099365873,0.224980353301087,0.161718608165049,0.247760165375348,0.205325719864254,0.178454502544796,0.184330394094351,0.183442359230749,0.212566645098673,0.186212832565629,0.224448954126663,0.143817592379951,0.139271641989792,0.205236027299609,0.173768813572186,0.178765894912928,0.152465075035078,0.217657172575312
"tas_1",-0.182684438240889,-0.268847395993668,-0.213658534357463,-0.246319673809493,-0.245573082826084,-0.227909034237266,-0.137847642046502,-0.128845077628875,-0.140552586960755,-0.122339243043829,-0.23607684631976,-0.224616096733808,-0.109688200829257,-0.136965942430097,-0.175118970653697,-0.0392202464751149,-0.234630824123356,-0.0501425855645555,-0.252756139457409,-0.0774637230930035,-0.0202320125705646,0.244577560935409,0.190711541191141,0.292289474357168,0.17516127339921,0.151564275644551,0.199285530917299,0.0318086325546319,0.186158083689345,0.152961851614635,0.226705937451389,0.239216481405171,0.199251745921331,0.211157488785023,0.180765976434917,0.207889243784257,0.182332827646641,0.25047993395107,0.18348825410344,0.161472680153186,0.303800554032898,0.320356847970637,1,0.728502218337934,0.416974520804174,0.589130144236736,-0.0248099667728041,0.681568404456582,0.517293742178351,0.172900838605058,0.68021316518938,0.131656205181586,0.591096786495104,0.448176897681255,0.628273830117703,0.531409269263687,0.162255945368291,0.125965057452257,0.405875070029403,0.106695819992141,0.112729677797222,0.254533016241539,0.42539877707048,0.427430265245043,0.300434226016955,0.406556603341829,0.393208587910741,0.392821201168729,0.432443279290072,0.342017143044021,0.301646209981918,0.440469802492122,0.431264738942767,0.433160143687808,0.426763084769959,0.413822530612734,0.395703631232359,0.389786919499899,0.350657651323969,0.458067900237454,0.341935409149158,0.374931886895477,0.385632942225207,0.307537474519794,0.358183023030699,0.409282306832881,0.412844374768196,0.352967030983123,0.36408183039323,0.381427086599787,0.38538228940934,0.362123814955339,0.424244246775776,0.364567596757759,0.403709471527033,0.403138844526893,0.405513988970106,0.434431749333084,0.163205460340603,0.279020081349513,0.222169852950327,0.374072481148083,0.275240420053405,0.167591596938253,0.356729238093535,0.284236592836122,0.233408639557188,0.305632621627075,0.256546459258319,0.300962479446759,0.258182902436975,0.229286731921739,0.292764341476461,0.247519386561829,0.277325137365774,0.214511947866176,0.186709195817873,0.208102802189345,0.21378848484088
"tas_2",-0.168433099093938,-0.230333776421225,-0.17209502338144,-0.228316556924381,-0.205508710472555,-0.159081810476843,-0.163609148803133,-0.132965548367652,-0.119150694235485,-0.1002709678055,-0.207019907256703,-0.156108487915218,-0.0767957012327138,-0.112675081502488,-0.174460731858761,-0.0595493417449611,-0.183069852866619,-0.0460557083360054,-0.285892158317322,-0.0544115898634064,-0.0138976277100856,0.231509841030995,0.182745114412432,0.280982477002571,0.167328847758115,0.178338164454495,0.18706065723307,0.0368210887635974,0.172175972829872,0.174235745620808,0.181630634300982,0.180275228912566,0.179883555373106,0.176783086451284,0.152496017919483,0.207117460395657,0.190653949537792,0.230372304938215,0.138734515572608,0.169147291751842,0.257012821833535,0.292322584073268,0.728502218337934,1,0.349246088541755,0.715580130335772,-0.0505562143536585,0.612801901749702,0.496272012711946,0.156183827262863,0.653673503528562,0.125832303278324,0.632489699760841,0.487330721162212,0.626255630454503,0.498230896940729,0.206875598656833,0.124649762735434,0.493611289812491,0.103758581492615,0.156231378325775,0.241327608054435,0.371042056457496,0.378394035130046,0.255597702087979,0.359958034783522,0.319176363178994,0.365209075107385,0.401040078651816,0.316868659884323,0.248090164990187,0.416370127118339,0.388807228571359,0.392947728600173,0.376910609177211,0.358427164826254,0.354453182945663,0.329735650559666,0.345031919467844,0.425036542349767,0.357882404141603,0.343227501417147,0.359406750532116,0.309021057101063,0.315661080036553,0.372703477939254,0.354655841998042,0.342441340007883,0.295717704787304,0.40257475172896,0.373320871251744,0.387407618346895,0.3957745059537,0.338791317054438,0.342894851256244,0.392544640554391,0.368523150936295,0.380047253347956,0.162585475773758,0.221631870984827,0.181285831605738,0.351665812785826,0.25026916294096,0.142146078621443,0.268202093504045,0.248795207777453,0.207092287520047,0.250270970497531,0.229469023219912,0.282011759519827,0.221745834479457,0.190278847404276,0.274181229409877,0.216210063458668,0.254462545990727,0.20644654435579,0.177974504105822,0.199411478670337,0.202048943285906
"tas_3",-0.0426461301469929,-0.199720690269314,-0.0864080464596228,-0.166719550713779,-0.213136363543773,-0.136983124073604,-0.0902234230970343,-0.134640814471945,-0.118865940284828,-0.103596425951251,-0.177086389160951,-0.129031602642315,-0.136961505397686,-0.0870834992318536,-0.130180989339805,-0.010474621413404,-0.11215210027629,0.0100120685599591,-0.105685650017986,-0.00931961603315333,0.054080188551758,0.299550833539391,0.0722050717097842,0.33628802969565,0.116642979356249,0.12526608917121,0.215286224822575,-0.0129405693507001,0.217734296780359,0.129605832311192,0.202642068593315,0.171672843851931,0.119147839772086,0.206629546533942,0.183245523832495,0.292296524147001,0.242353054405861,0.353471073831353,0.17642027088195,0.0900664797868111,0.220470047019711,0.243229690851335,0.416974520804174,0.349246088541755,1,0.25792579393168,-0.0253726042369348,0.388395227735579,0.566360486993877,0.125014233149343,0.48016212880704,0.0675085495417463,0.334200165706716,0.271772611138055,0.502748405617786,0.37528879172293,0.0362368788311282,0.0778517702599664,0.251454728743851,0.057290788243086,0.0310610446489513,0.192975504378382,0.31738014483913,0.328234488942559,0.264037555749671,0.333197339744377,0.302061993258368,0.294245727061523,0.307899311220795,0.318008142496498,0.285586374443009,0.34931423226255,0.338679254120127,0.322512596290472,0.347276726573093,0.321275138245978,0.356922897164328,0.360463551764362,0.277191694246302,0.334900223849945,0.285991188129344,0.28887531750579,0.292578128451936,0.281720156440782,0.252901157984342,0.305797401297988,0.316446429601838,0.252532927236264,0.36730382866996,0.271322749301993,0.276503329377978,0.203712636607129,0.32881902658571,0.268674751217742,0.331307892493379,0.355799492928845,0.258034503180431,0.385434725869175,0.298410226921225,0.300055468758677,0.368222672198985,0.374231423762025,0.306763193687732,0.330503611997689,0.353617931287172,0.24711403149395,0.273713623568386,0.331882496781257,0.313950612036399,0.322831824505393,0.292905844576132,0.312603790865643,0.281080927282967,0.246366116981033,0.264490324619712,0.223812528637296,0.199504640932493,0.269711597810162,0.244442560725887
"tas_4",-0.208433203206225,-0.254322749186546,-0.214386359027863,-0.231449928993767,-0.212060759612416,-0.127428900145858,-0.159261358127138,-0.141274313527749,-0.118208030289422,-0.106524964007337,-0.225709917544763,-0.173723302858213,-0.113762416535436,-0.114003256123679,-0.142317471942746,-0.0909058669557503,-0.174110021029053,-0.0843755094094821,-0.27164889166166,-0.0952524394592656,-0.0615265122402557,0.123835957464405,0.098702118273046,0.172055898350971,0.0682085318630741,0.106525899410155,0.0902703930051513,-0.059911270332947,0.0973323550030823,0.0571011423822555,0.100755435038455,0.0925566474227999,0.117517501600586,0.108205472966044,0.0443122267683175,0.162941741130878,0.128501085933204,0.147704669998365,0.0704806921226658,0.0814220120866952,0.135633567679166,0.171942357920665,0.589130144236736,0.715580130335772,0.25792579393168,1,0.0840059159359255,0.478648319148694,0.35911321957973,0.0928434746317547,0.532976739319885,0.235356334199876,0.530174226019202,0.417793812855564,0.523478080661737,0.405550963523599,0.189818780225464,0.0755656559380411,0.462664205624679,0.186036462638099,0.278507841812598,0.14130696652859,0.277091006606936,0.27803299811032,0.214964406415221,0.298632675327307,0.258766557881627,0.24735502497048,0.323555245747914,0.1957097463333,0.176822782722102,0.307716860458409,0.286253182611608,0.272227923262056,0.282686721596254,0.253629304590206,0.278506145250353,0.246620192210309,0.365859855657022,0.301575434096046,0.34571301429141,0.24357409878402,0.27759926089142,0.275200503966605,0.31649986885291,0.280749045600891,0.291655311647924,0.330119946120353,0.194885135446563,0.334032827063419,0.356530176072511,0.359462632311535,0.308339260892645,0.334510283301309,0.26923817388115,0.295024151819379,0.340517387860276,0.276638034452539,0.119129547818412,0.192629824975709,0.0964204410344234,0.274454680314436,0.160092152259135,0.0982343294451345,0.213520968632311,0.218982333242927,0.12395125647462,0.167671678729889,0.152292847603218,0.196761242440178,0.152404179058818,0.125306342078482,0.192768618774562,0.125115069397932,0.146970342456525,0.100895847437633,0.101143270756215,0.154657240228047,0.128892850648796
"tas_5",-0.0710270809814605,0.0291745694858947,-0.115009578280867,-0.000450772555975483,-0.0303872986886515,-0.0226957774572986,-0.0964683172628428,-0.051793659066808,-0.0176629064637549,-0.0383196055997656,-0.0341635326198371,-0.0855152491792819,-0.0684282622497404,-0.0106225669143365,-0.0413828767235825,0.0384248556880296,-0.0662402594333901,0.0292642813174586,-0.0119989219642154,-0.0520473685051585,-0.0792914677555202,-0.040063901953733,0.00996538347731205,-0.0327706738652163,-0.0533760986712467,0.0160415214853153,0.00460262914966093,-0.112359679757036,-0.041359401989307,-0.0320131911571929,-0.0390087978992915,-0.0888417518622282,-0.0811334561530387,-0.037626493839287,-0.0819225875098801,-0.0767328025791955,-0.0865680822212864,-0.043049518809239,-0.00764333408874274,-0.154410030142074,-0.121102963343746,-0.0712951322349581,-0.0248099667728041,-0.0505562143536585,-0.0253726042369348,0.0840059159359255,1,-0.10353683279146,-0.047460361584688,0.158663382463949,-0.0334878416603734,0.123629199954763,-0.0505111177641065,-0.0763485750100292,-0.0359834504592621,-0.047392719772536,-0.119938269109088,0.0421003287983349,-0.0988875703253317,0.159736478123269,0.182981002008647,-0.0547789413552857,-0.0545038492388462,-0.10397050339545,-0.0643214005807604,-0.022084527270181,-0.0117285997127227,-0.0405921142454466,-0.0611359375420977,-0.0108160800155015,-0.06610650475859,-0.0613347244080868,-0.0928780698940046,-0.0973741252937623,-0.109414209041736,-0.0801053137076835,-0.0274308096470555,-0.0312498511903586,-0.0341531645732403,-0.0723461472514964,-0.00638183365546563,-0.0331307104053893,-0.045751451241998,0.00673037302380982,0.0505539578683103,-0.0723524128682146,-0.00571965916844959,-0.00317364997490882,-0.0397063443370319,0.0210588741905228,0.035761203573997,0.0849803027546204,-0.080834686156728,0.005214034828047,-0.0206448650337305,-0.046581548218575,0.0517840011615777,-0.0319838167121676,-0.0094463863665424,-0.0330325527819112,-0.0505423640418459,-0.0452673762685826,-0.0264329864884713,-0.0410222936980375,-0.0168107852461567,-0.0609224035260327,-0.00670571138963271,-0.0222722456437661,0.0185053615444744,-0.0262073711590762,0.0183653709197344,-0.044997495484036,-0.014891407068806,-0.0485523591422685,-0.0876919072180302,-0.0623677040703405,-0.0680682712258967,-0.0386740838957694,-0.0840686943701859
"tas_6",-0.148417004574439,-0.264707468771073,-0.188295092575446,-0.217617444425494,-0.20592251543311,-0.18495153688398,-0.108042334807246,-0.108509636516652,-0.124983870754511,-0.104881575934602,-0.209329382137968,-0.197378202690166,-0.0937552479506483,-0.161834492321689,-0.188294105598461,-0.0134891496837658,-0.199136789278745,-0.0206128639091135,-0.206994105372191,-0.0642196080938072,-0.0100125493638022,0.232387833954997,0.156426422524497,0.282558967359382,0.150569590055291,0.153411797659422,0.192688607726912,0.0493683094278965,0.189912629130193,0.14759471292991,0.219687334595908,0.207220177401132,0.187651653595776,0.199207355067348,0.196523262114122,0.19426603147245,0.21789829088148,0.238958214016927,0.213249072256848,0.188303514534496,0.305246344727591,0.258462988847833,0.681568404456582,0.612801901749702,0.388395227735579,0.478648319148694,-0.10353683279146,1,0.548743362391348,0.168256393914754,0.65655208716769,0.101691058827017,0.541996960191658,0.449914230402236,0.610346370622867,0.558955047031753,0.150731278673364,0.142019922769003,0.376063271488801,0.0982338189763869,0.0979886512090092,0.273591150967412,0.349156432468848,0.364022810195559,0.245471027088741,0.300622267138907,0.313646336466536,0.324418943610811,0.347713588158929,0.28168061029664,0.244633465400331,0.384322577508451,0.395833067677235,0.393126072434905,0.373899626555156,0.345851950816793,0.36174952701825,0.365711616191102,0.24630363538371,0.383941767736712,0.244963537457273,0.325193374749843,0.303884296624526,0.248685291291417,0.271646385190256,0.360663630507237,0.371549964194158,0.252455114565061,0.342270757819437,0.321602096151264,0.29898484343066,0.257088616659274,0.387738393773253,0.292886951015664,0.374027571057217,0.369476696728781,0.307857127035657,0.390886720547258,0.177512156363549,0.242918656533382,0.17993519627918,0.301491817342134,0.240155421246773,0.144731298261124,0.271068916841412,0.258878406736179,0.221859739960871,0.236908448469625,0.222139876848294,0.263261957699852,0.2015784870403,0.212050107361053,0.298699371843436,0.250254889111883,0.250432370200812,0.206181279826112,0.197300974408153,0.213471183922989,0.228445749072809
"tas_7",-0.102002783820313,-0.175601849285083,-0.134273830163423,-0.176497135153444,-0.247021778899309,-0.172787130116646,-0.131327573619898,-0.0860205124352333,-0.103854426671406,-0.0882121444183538,-0.174941526668859,-0.153055301361957,-0.0991806678188334,-0.0801504339234222,-0.126113108282901,-0.0367053612470144,-0.122923888556445,-0.0314911221965282,-0.183179432906494,-0.0663409809242334,0.00583822159837642,0.349190739784994,0.200108892514863,0.371829537801086,0.19768105475359,0.216133813656409,0.224117578903458,0.0215478974175728,0.238110497272013,0.194395446720465,0.232079275749957,0.218864947196243,0.150340378093265,0.246211784756109,0.255404560874723,0.263806422201268,0.285861575911336,0.369874594853204,0.233109479743654,0.167113858353596,0.303134201442366,0.310662884873482,0.517293742178351,0.496272012711946,0.566360486993877,0.35911321957973,-0.047460361584688,0.548743362391348,1,0.0755505258450941,0.610936338908356,0.0160703508731144,0.440084432532082,0.356537055917607,0.590205282584519,0.472358142748742,0.119962055687503,0.122299775213719,0.314427827911241,0.0447867573273272,0.0200505183841805,0.258616386514974,0.347144991783247,0.333620367507927,0.307187255582987,0.377359981982979,0.327984560156643,0.307461942566116,0.357576152448796,0.358810284194429,0.218675820176882,0.389882709550795,0.382320480545972,0.396870416321,0.385592346769996,0.366966841184523,0.35870408759362,0.359776225219194,0.280542630088553,0.403522527026097,0.268883953588045,0.317878635787693,0.27467367604133,0.298996617744831,0.309845705053755,0.315740769501265,0.347164792772906,0.257210664349198,0.321479106474427,0.306967468678393,0.311462911328456,0.275352221352776,0.329444718174116,0.278399645989378,0.378914553818609,0.404921020094769,0.315505469541171,0.36559120016326,0.228631786942499,0.282491510405305,0.267955422341092,0.39481034094825,0.281433975662263,0.260869397256493,0.357162953741304,0.309136080170935,0.300616333563183,0.298097291280333,0.279412695594743,0.306347574279766,0.237952481650568,0.331001319583112,0.337087115191598,0.326639008314632,0.308208354934258,0.267266975101557,0.229691027969309,0.256292077929156,0.321532411023142
"tas_8",-0.0858748699174707,-0.0181378065392458,-0.0589167230172981,-0.025075546945365,0.0103747056908064,-0.0875022627966283,-0.0793069479074275,-0.0715369733627999,-0.0182416800373377,-0.0397363323563202,-0.0514048200875888,-0.0776680316995549,-0.0687289116984169,-0.0557113996696226,-0.0923043527824914,0.0162549688734829,-0.101305885637574,-0.0121236863916408,-0.06005505186291,-0.00724486833016531,-0.0691634961178753,0.0329190202589555,0.0851788239251973,0.140682719133453,0.0940077448856601,0.0689699748783231,0.076200141927498,0.0450925933615873,0.0537910615940977,0.119867722672525,0.104731723857197,-0.00449590655797075,0.0850584886533385,0.0716085141654228,0.137661790929274,0.043651844244794,0.0662539245386369,0.0179645270506965,0.122437517958585,-0.00490966784873186,0.0935481573783807,0.0725403115497064,0.172900838605058,0.156183827262863,0.125014233149343,0.0928434746317547,0.158663382463949,0.168256393914754,0.0755505258450941,1,0.15911999960624,0.205891778292408,0.167877231209111,0.189145423198666,0.169456442451195,0.149132384648087,0.183110944485117,0.159606609734541,0.0807839884842183,0.0831696648072492,0.210843969902276,0.167423625740668,0.0562548670949648,-0.00717563342415014,-0.0447486179720308,-0.0579714054954734,0.0408171795844715,0.0282249965068436,0.0363691326029948,0.0565461024908915,0.0618183017577638,0.00301552159247259,-0.0100197420219762,-0.017543372997263,-0.0464043451236042,0.0321184734138127,0.00667367261944372,0.0192653397048262,-0.0418767842165731,-0.0104166069951023,0.0135548275996506,-0.00569268077571148,0.0407832534592828,-0.0747642170877787,-0.0751586136593211,0.0231453849533641,0.00609941124770311,-0.0175187592807704,0.0524403490280423,0.049088033263624,0.00951565639548478,-0.00610931555041614,0.0413533888960533,-0.0364552561149534,-0.0239074430247306,-0.0072734993734751,-0.0275016973514531,0.0176016490295742,0.0480573959509913,0.0310087740738985,0.00858287916499428,-0.0440618336074673,-0.0141156406217729,0.035568167039174,0.00546342718799287,0.0116022579935722,0.0287973394331481,0.0528624645065287,0.0587997975702661,0.0240452615824737,0.0326052400071448,0.00919209863734594,0.105702576512348,-0.0174270989470553,-0.0535904744268575,-0.0697166768103158,-0.0471778994483533,0.055591352713574,-0.0505124634387249
"tas_9",-0.144880365239051,-0.22789011468792,-0.170425740647034,-0.243431196649265,-0.2254717846996,-0.165731490623439,-0.119002377966724,-0.119691642793907,-0.0983046189985766,-0.0982307585488249,-0.204111016627858,-0.162155816914788,-0.102638459256172,-0.125635199670872,-0.152682386220485,-0.0407803778802986,-0.192839329563178,-0.0468106644504304,-0.199622199407855,-0.0261853064386806,0.0202832040330952,0.251750744343361,0.180626815710684,0.316804603418584,0.149426409289863,0.178468932748804,0.178477405752312,0.034243827711198,0.189372338386691,0.131849856637901,0.218583478031199,0.224354280799252,0.200116335806534,0.184602454653451,0.161307696821485,0.232333792162347,0.26068712362269,0.285787164764357,0.153142577151544,0.14553123692222,0.290680713191536,0.284030982310741,0.68021316518938,0.653673503528562,0.48016212880704,0.532976739319885,-0.0334878416603734,0.65655208716769,0.610936338908356,0.15911999960624,1,0.053974869281904,0.576160760468205,0.472700678578734,0.687519942921197,0.56142731825553,0.161776839781288,0.117726050791725,0.415876709905991,0.0752152004642362,0.066799414439185,0.259552683637057,0.385783622250619,0.381290697889211,0.28139372954617,0.386200071960648,0.318428747819375,0.349865892347144,0.396753106223175,0.311167463354932,0.244991307580204,0.422205379524621,0.418629204488597,0.42732070330229,0.378433342593172,0.370446664322086,0.393518834796943,0.37517630082819,0.299404775662638,0.410575173243657,0.325902276133895,0.367333746249885,0.368695529956821,0.310560374502419,0.31186414372406,0.407268501627477,0.380927818707579,0.335389387589669,0.375816406404482,0.385537619328301,0.385957028104743,0.324315585864095,0.403021426371161,0.335207068727759,0.408606968959621,0.405592967920044,0.377114928438993,0.405166569685704,0.212346202070794,0.241674515960387,0.216234686386689,0.403785146540274,0.22763861161888,0.192354072066,0.307823172357056,0.277370740624936,0.256071264026932,0.30797803607586,0.278086725257166,0.326411434106888,0.262710690513451,0.267521099920387,0.270000441441412,0.27984749512558,0.271534925766878,0.226599269738611,0.197710204842064,0.238636662640889,0.258836568845051
"tas_10",-0.196957950678702,-0.141062413454048,-0.130320675694616,-0.123734871704261,-0.0760315883308726,-0.137719008910389,-0.185260818811046,-0.0657467516721115,-0.0534820863101043,-0.0840318130282599,-0.139041684599578,-0.124269598191837,-0.0597594454458325,-0.0509534549601358,-0.127822286453972,0.0219227878142349,-0.144421362331528,-0.0207696963446345,-0.179415538179404,-0.0742815376727471,-0.111853550563757,-0.0700128643460464,-0.0864078608215846,-0.010311659854057,-0.13239314707464,-0.046872859375529,0.00251101392404436,-0.157941601460742,-0.0606715782246155,-0.0136279146256213,-0.00594477731361064,-0.0995786709361854,-0.0107999538956601,-0.068778824874604,-0.0254246409641704,-0.111271439991792,-0.0622511771484254,-0.0931014474577957,-0.0163258370055998,-0.137841425607962,-0.0808427614781334,-0.081078291988571,0.131656205181586,0.125832303278324,0.0675085495417463,0.235356334199876,0.123629199954763,0.101691058827017,0.0160703508731144,0.205891778292408,0.053974869281904,1,0.1790579783106,0.141464236530895,0.154413196160466,0.0866957010711763,0.276513328482747,0.0485043480956134,0.239233639150859,0.285364633334478,0.496436071306693,0.065056908583457,0.0852365993772993,0.0344067383872442,0.0300952312982014,-0.00989242620841735,0.0215496097589026,0.0153408529573582,0.0867761283578136,0.0544757833588243,0.0839022430954636,-0.0198351685236484,-0.047420261286524,-0.0641541219121531,0.0111186122511601,-0.0216386001376781,0.0184002639830793,0.0270954242536553,0.162113558159191,0.00420260042352117,0.139061855622722,-0.0165515803708423,0.0367432619487211,0.077047148517139,0.0555903670758323,0.0100749309291318,-0.0355515732537298,0.14717023739213,0.0277083810666835,0.0146992154175114,0.145522480361552,0.0383159175780894,0.02003135708654,0.134892402955049,-0.0399677654652207,-0.0449425954513448,0.0477712459503037,-0.00400046640634923,-0.062246724319196,0.0260416304890952,-0.00586290538364141,-0.0643477340636041,-0.0634523424522401,-0.0285304418087559,-0.0257401447325608,0.0107080096758307,-0.0559269389787711,0.0204847554670855,-0.0157061634245627,-0.0895739609741152,-0.0595203013110275,-0.0849796122371932,0.0139279565877486,-0.0981897688687058,-0.0789192444398952,-0.125718142857087,-0.0811333462732287,0.0357414941827138,-0.0596204209763804
"tas_11",-0.186594586158476,-0.27021030877871,-0.205732693789195,-0.245168510058786,-0.220534180569541,-0.164032227924522,-0.235837276092957,-0.113228439132281,-0.117056288942828,-0.105609638851076,-0.250103310804538,-0.211254525059659,-0.105972536973452,-0.0898822555819926,-0.223407591211239,-0.0285289706857274,-0.23767533265439,-0.0771677857166141,-0.285891140310572,-0.043141697867195,0.000775627067758928,0.192092536905197,0.127787604308717,0.238495223368455,0.0997545099819534,0.105517501956967,0.133543991070984,-0.0616485037000441,0.131842326919749,0.177587848756075,0.195781026425808,0.15412979071264,0.175234118821929,0.182463899897534,0.161395558041905,0.143320320970295,0.128952330793716,0.171616248487775,0.0956395314115851,0.124582366119684,0.241010009313538,0.226680356792695,0.591096786495104,0.632489699760841,0.334200165706716,0.530174226019202,-0.0505111177641065,0.541996960191658,0.440084432532082,0.167877231209111,0.576160760468205,0.1790579783106,1,0.471623859200506,0.57848790064531,0.476501769932294,0.229129830709139,0.147361667018012,0.453146883148733,0.168563939028914,0.176346725543638,0.267227109254054,0.312063861565987,0.29528434813949,0.174503331701447,0.282723377622886,0.239028680671883,0.257856024448752,0.313116105981754,0.272193431468839,0.169692328445951,0.31411173275896,0.289484000576812,0.285309493540375,0.323911065962786,0.34116990523274,0.297791982079092,0.237995248526109,0.292540641832667,0.305240491675302,0.261269509461938,0.252823985117363,0.253119998453017,0.222883268430615,0.217579571297526,0.307609973974586,0.28180992560869,0.275161016288161,0.249048252950232,0.290230407913773,0.289319639947684,0.316588292663702,0.30742259662397,0.285446314460319,0.275676047930924,0.300710050293841,0.307352699243925,0.287280304044086,0.126962903952512,0.17261025506981,0.13207377899617,0.262367967432655,0.213892558880388,0.085193248745295,0.21298422153799,0.174860748739047,0.167262926683293,0.219504160290656,0.17315490162846,0.179620007340098,0.146702385477383,0.141561198304573,0.215926157381471,0.123002124319135,0.16849491021217,0.106344289795544,0.0933660633267007,0.177951922534276,0.139199893537102
"tas_12",-0.107349977343636,-0.138070504388106,-0.143827745634104,-0.180311853469816,-0.124153096038978,-0.149992863061174,-0.145295516805714,-0.100858836348692,-0.103653491967205,-0.116053725992051,-0.194373095953427,-0.119168855996894,-0.0772236032918768,-0.0956328495154807,-0.165654930116886,-0.0134215759828389,-0.229207428691484,0.00848894494927266,-0.162047459242854,0.00888299586955021,0.0143209983530531,0.222800494488792,0.135513038149711,0.27575074021653,0.0855980767822974,0.0839216423987833,0.142659592843823,0.00737899215907004,0.181026463634415,0.197320115294601,0.191498131530562,0.133277671807889,0.208715174407953,0.185415568363019,0.18864214842724,0.13253723032201,0.171856811415739,0.166766539020259,0.1785092955058,0.107152721963796,0.281071312650862,0.227987545098928,0.448176897681255,0.487330721162212,0.271772611138055,0.417793812855564,-0.0763485750100292,0.449914230402236,0.356537055917607,0.189145423198666,0.472700678578734,0.141464236530895,0.471623859200506,1,0.468052142847837,0.383636258527829,0.219405645159231,0.0934860597382704,0.389444829565653,0.066207555337643,0.148097548583492,0.204989928955842,0.249276115672934,0.219709479196434,0.164504178729918,0.153469005622257,0.157149136311023,0.190231155279018,0.253360802543969,0.241823431067805,0.168326974388451,0.241273609517,0.213406109090094,0.216232740556731,0.249706668615849,0.294596927991349,0.194860650421041,0.197304873768356,0.131086543863411,0.241563378440666,0.13718780987027,0.219502421751414,0.189921568540972,0.108874705717356,0.0942229754251043,0.254170700033142,0.16883846547822,0.156389323772082,0.228140165743951,0.20385049753588,0.194031112777,0.144782782395078,0.235354921424925,0.162061429869271,0.17433945575328,0.183578489719773,0.198533608162325,0.208257883758644,0.096714468625508,0.144290448832133,0.0748156269395054,0.194868807517034,0.130595497055239,0.0563004989678207,0.147718940007987,0.160705397990541,0.119981514035655,0.15954701794353,0.132779181362255,0.13859313886544,0.111489539981621,0.0996714976017367,0.224093510301074,0.115687017756297,0.109754951285183,0.0927837108569375,0.0993143877136934,0.127158258447995,0.10597960857847
"tas_13",-0.146995783539658,-0.255026031811343,-0.179441754955318,-0.240048669685832,-0.24007079994132,-0.224435806366389,-0.18093961579042,-0.118364567081705,-0.109658826736984,-0.118528524743288,-0.210242423674185,-0.17121672505651,-0.12929563159206,-0.1518444060622,-0.196058467481549,-0.0453163531166618,-0.164247076839932,-0.0809562273666672,-0.280482203382929,-0.0962420488902908,-0.0153163620906102,0.294713018044886,0.137718732373347,0.307481610096055,0.103384487524108,0.154218758757918,0.214579839017261,-0.00622342206530996,0.20412276761619,0.163865617761251,0.227797803381238,0.197418051102179,0.231264323632035,0.222266290691327,0.201687000344284,0.246675762633772,0.253013635540949,0.325116926503101,0.160908792149867,0.13775725438311,0.259023526419851,0.260557639738435,0.628273830117703,0.626255630454503,0.502748405617786,0.523478080661737,-0.0359834504592621,0.610346370622867,0.590205282584519,0.169456442451195,0.687519942921197,0.154413196160466,0.57848790064531,0.468052142847837,1,0.599705705389398,0.212862234425767,0.126784090873342,0.432348559639642,0.130232273377125,0.148579393260875,0.280291975684799,0.46530415927985,0.471494060000119,0.343849730927615,0.430915645700335,0.347719878476252,0.409652236129612,0.443888369007966,0.347046063190726,0.320545596885564,0.436040928055141,0.438467645684594,0.466074191527748,0.44685335646576,0.421594007900567,0.415786323547222,0.422800867905646,0.399901902399064,0.472224609205406,0.388225281440477,0.387981256008717,0.450225818363483,0.331658995762975,0.336987186594745,0.419298619384826,0.384177798150388,0.396513822610516,0.384855946765279,0.423654748105113,0.384958122216824,0.333515169488247,0.467782447335145,0.404576433443898,0.423106666617319,0.464238536257742,0.383515759896078,0.435416069240324,0.24011823136368,0.305075257447214,0.240145922479529,0.410505447719963,0.271963320707114,0.238469643498527,0.309987741375109,0.312132992850825,0.27495436933925,0.359225453899788,0.329117553897414,0.364412359844976,0.294957048910076,0.3245602130757,0.340461417890133,0.305652150139618,0.32869801291031,0.284063567847016,0.253887132041942,0.323840772940783,0.335360499752969
"tas_14",-0.160106655270512,-0.238776717285021,-0.158283705919201,-0.211600733592778,-0.199600912508661,-0.199551449519343,-0.113956000388925,-0.141416801445338,-0.0887356211453592,-0.0684684470777245,-0.199926531188032,-0.183062094705806,-0.0998991491765388,-0.105902080461218,-0.175865798716815,-0.0732598690251913,-0.168164387830717,-0.109411767071308,-0.262252963519965,-0.0745237970711173,-0.020276093355466,0.256879418699935,0.162755815454102,0.275513127355302,0.114760016372486,0.111944852608922,0.146201386451847,0.021736794044237,0.188497543641478,0.154564570013259,0.192875933609508,0.149107376861116,0.215083025501313,0.174635369479003,0.157096386768906,0.19279216768988,0.224096765708023,0.210017140821435,0.14316681673059,0.121699941817931,0.247900346926989,0.233524696931796,0.531409269263687,0.498230896940729,0.37528879172293,0.405550963523599,-0.047392719772536,0.558955047031753,0.472358142748742,0.149132384648087,0.56142731825553,0.0866957010711763,0.476501769932294,0.383636258527829,0.599705705389398,1,0.16693184793513,0.0765330239693879,0.348530896530152,0.0963638170657696,0.108573494742225,0.253410720628608,0.372335114001307,0.370721131814706,0.256369006743538,0.326135436062155,0.346352114422266,0.373246513387575,0.429047438684637,0.317834275544762,0.260256742400265,0.389861371241772,0.399450066832236,0.413036327131797,0.43115015328885,0.403985474667544,0.459659503875789,0.3734912734518,0.299204811970747,0.434344759869982,0.300336762921957,0.370754242717776,0.37031745894363,0.279892049852406,0.315618029093493,0.408427513824289,0.410520565383021,0.30508112092788,0.351546620679045,0.358170547665967,0.303198540142601,0.28530446551977,0.429370220366177,0.300487014497684,0.389219823298987,0.384200135833327,0.399756149350032,0.418364056633581,0.190813175742195,0.219424533070007,0.216275676730969,0.300807106896505,0.239900371261786,0.152052565866428,0.224666946320949,0.228450426343948,0.219897887110416,0.248077772504536,0.243372105229387,0.282276994920603,0.195827342002275,0.21390228918015,0.280039068797405,0.210581077397489,0.211004244038107,0.213186770951667,0.185529227993692,0.201843870462159,0.241841443890977
"tas_15",-0.127404879540495,-0.0207667041221199,-0.0647991690262294,-0.0551171307734102,-0.021886337711368,-0.0312739402296254,-0.0898468486175388,-0.0371686795401264,0.0295760512484091,-0.0106329738976318,-0.0453235597759271,-0.0334209098545937,-0.0103758078918097,-0.0382171178800573,-0.0419962486284489,-0.105354352370017,-0.043067960724145,-0.13046218237623,-0.0654002014950248,-0.0161179164275894,-0.0689756431439103,-0.0176324693580419,0.0538362746229623,-0.0437932185043051,-0.00791986242172393,0.0311243698628553,0.0466474391751075,0.0206418720152156,0.0167029554429289,0.0561266715050404,0.0646995476444413,-0.0229949293457526,0.00119895460519813,0.0139264825358589,0.00835192905814476,0.0128916896557385,0.00610126730568454,-0.0101718142850444,0.0126614422375403,0.0244630792511935,-0.00372309794509587,0.000177172656308163,0.162255945368291,0.206875598656833,0.0362368788311282,0.189818780225464,-0.119938269109088,0.150731278673364,0.119962055687503,0.183110944485117,0.161776839781288,0.276513328482747,0.229129830709139,0.219405645159231,0.212862234425767,0.16693184793513,1,0.140279294371404,0.362373667686209,0.110940803964023,0.303823237138906,0.0721179269777927,0.0835782855404841,0.0893069739752634,0.0467261962056576,0.0412908014895191,0.0416926814815466,0.093384640584159,0.0559674528761378,0.00173326741099672,0.0286009248136315,0.0940189042163456,0.0748124263093312,0.0835441416895693,0.0607510697768343,0.0630581476320712,0.0612318262594976,0.0501460054164649,0.101762645990351,0.0791870524748352,0.0963600038740264,0.0774740754212712,0.112871230266697,0.0502129992695151,-0.0276705311962506,0.0706237081467316,0.0660818988643409,0.106448653836013,0.0646485910661188,0.0656235927357159,0.0608875405707607,-0.0471693197895476,0.072412381249628,0.062794438873495,0.0517424115533192,0.059029033964869,0.00672187944596748,0.0599033353970517,-0.0472580004081892,0.0291271439564904,0.0294635044237225,0.0156864600720686,-0.0369814418815807,0.0306394754442354,0.0293158982406214,0.0830520474754073,0.0409579351134538,-0.00488988389417765,0.0119972798289195,-0.0130714051351281,-0.0315733999973298,0.0655535356577311,0.0689506219667637,0.0404437206153466,0.0462047625056593,0.0231614068376499,0.0506312119568684,0.0708490572265339,0.0527199078952835
"tas_16",-0.058059743193605,-0.0384774502416402,-0.0707374822559571,-0.0847789881706141,-0.0168567668225647,-0.0194357580846622,-0.0610830156089229,-0.0892342570122393,-0.0425827632560782,-0.0182838427831254,-0.0257259452045634,-0.125690776673138,-0.00660545916327791,-0.0564319873551549,-0.111604822371916,0.0167309421667819,-0.0909251396623009,0.0650522192126777,-0.0640318270923871,0.0479271760201795,0.0128045892348801,0.0447886947531259,0.0809759103735537,0.1073838517692,0.0964801639950907,0.0525911545646522,0.0634592069793856,-0.0220307053351509,0.0409373729019941,0.10672630951285,0.0730013417453632,-0.00925363504134485,0.0396123206198656,0.0614676854687804,0.137228883066048,0.0079226596253869,0.0733815188327709,0.0273295174936745,0.0883733435663832,0.000579658298642472,0.079756369690746,0.0655993220418814,0.125965057452257,0.124649762735434,0.0778517702599664,0.0755656559380411,0.0421003287983349,0.142019922769003,0.122299775213719,0.159606609734541,0.117726050791725,0.0485043480956134,0.147361667018012,0.0934860597382704,0.126784090873342,0.0765330239693879,0.140279294371404,1,0.0824067123727181,0.00883003868617037,0.0253660508919751,0.198506716144372,0.059013826261315,0.0389685706965343,0.0107510798104776,0.00698195004387593,0.0341157158678076,0.0379803503538684,0.0685215829924123,0.0680961868421776,0.0291264038198561,0.0932077513222938,0.119042437703198,0.0860146817425687,0.0729352442149614,0.0811571255567984,0.0640458109021695,0.119452793315178,-0.0173914507544859,0.0695668388928674,-0.0288038816782583,0.0362674024718305,-0.0203444452262526,-0.019569200558853,0.0417044085604743,0.0107204046370991,0.0599606746909214,-0.0152524845321607,0.038265926177405,-0.00264426317144633,0.0124490594664312,0.020643625609962,0.0104015795637044,-0.0220025199238242,0.0775921401854885,0.0756161015347816,-0.0096173323267428,0.0556420064629328,0.0298387198324486,0.00989987278576052,0.0585715224324383,0.0423718178213734,0.0647934170700796,0.000680946379340697,0.0464010959932291,0.0154723675029747,0.0551246113939657,0.0542704765520601,0.0367257915644729,0.043846728035429,0.0389454944510676,0.0388357565975987,0.0743580446781442,0.0051314910692694,0.0367142198890197,-0.0106082823456531,-0.0372210302496297,-0.0150448293549028,0.00502226532074345
"tas_17",-0.0837523680864586,-0.13782760597281,-0.0656626006504321,-0.109685735275606,-0.114472054049967,-0.0379223899698233,-0.116231072927451,-0.082319841211374,-0.0540859997738935,-0.0935827030635025,-0.11502775645789,-0.105379587936313,-0.0553227787678146,-0.0774100211178209,-0.0928522828321307,-0.0756468333667144,-0.101640253890711,-0.102629782744192,-0.193414134074821,0.00666760487260573,0.00140838146964831,0.0811581530306799,0.0502912286053186,0.108315259963672,0.000995432023147834,0.0706911284790444,0.0644569566935676,-0.0384829173141015,0.0487420954822051,0.0797886844427794,0.047559395768178,0.070009339740603,0.0987994670031963,0.053566717369899,0.0158760469032349,0.0722104182937076,0.0959540043770499,0.117359398674205,0.0313017776081186,0.0985997922690067,0.12086925654152,0.109250677870811,0.405875070029403,0.493611289812491,0.251454728743851,0.462664205624679,-0.0988875703253317,0.376063271488801,0.314427827911241,0.0807839884842183,0.415876709905991,0.239233639150859,0.453146883148733,0.389444829565653,0.432348559639642,0.348530896530152,0.362373667686209,0.0824067123727181,1,0.152688801931999,0.282087510681208,0.150048090309966,0.327479704344302,0.314341632656554,0.248879056138833,0.277821810981846,0.238840929148617,0.31172202388458,0.293298473045372,0.155698814051329,0.192790130426964,0.293078617701175,0.274653869960331,0.25917055362688,0.278912444568764,0.197970274647226,0.24543445071609,0.231426683080435,0.384089131020609,0.301959445087039,0.380688444594564,0.303627328956402,0.317292173937819,0.262348337594998,0.208718217970279,0.277462446169342,0.231385035068159,0.364086177016187,0.245933503112976,0.301360798332869,0.357278065622326,0.288287123481211,0.323518686427794,0.354017149094901,0.208128798449463,0.237676983494841,0.237812755216247,0.199008589233607,0.0672702534263794,0.137421531141086,0.0836732945402302,0.269239285232866,0.0734706065871683,0.0843620992717523,0.154693868834004,0.228289256056711,0.155068299870699,0.185795638496448,0.173742187669851,0.182246513539554,0.150690257445397,0.158995245192308,0.200881572964126,0.136023309012843,0.183609132776856,0.121707815313256,0.129180363651098,0.189104001870633,0.141286234641644
"tas_18",-0.146509768700362,-0.128050820730501,-0.171564616243309,-0.125389086126447,-0.098558101503585,-0.0697093071239857,-0.130817567453415,-0.10089790957908,-0.112796994282938,-0.0872597996184265,-0.20304765031089,-0.163139144480808,-0.0962889260260419,-0.0784068760637274,-0.164190478311992,0.0212375499849976,-0.182831510297624,0.0589123755737227,-0.232218561416603,-0.0876817829228738,-0.0928280443278942,0.0617191250780864,-0.0203064432842569,0.0535403071036993,-0.0474647980030008,0.00278896043780043,0.0506494067438191,-0.134817585009784,0.0463699102868221,0.0869981684596746,0.0747635165717203,-0.0484811035669261,-0.00828760990895051,0.00448943473859387,0.0525320767975247,-0.0120977302439886,-0.00859899924182204,-0.0421060937863273,0.0841607526055452,-0.149604531357498,0.00675882171105461,0.0109526790769775,0.106695819992141,0.103758581492615,0.057290788243086,0.186036462638099,0.159736478123269,0.0982338189763869,0.0447867573273272,0.0831696648072492,0.0752152004642362,0.285364633334478,0.168563939028914,0.066207555337643,0.130232273377125,0.0963638170657696,0.110940803964023,0.00883003868617037,0.152688801931999,1,0.360434356960697,0.0427371039486431,0.0988855301786307,0.0712791689782617,0.00512058442114168,0.0180971524026023,0.0498527890016626,0.105472743644882,0.0825895264709521,0.0652236865000912,0.0431328957480941,0.05609935463467,0.0430136680502123,0.0269124143595817,-0.00410060307656449,0.00657363046943509,0.0383922061443342,0.0451640986746489,0.16942936538457,0.0248394981789979,0.15165671493832,0.101032505744233,0.11942940775644,0.0887762124488135,0.0743727736536704,0.0510791731048643,0.0357346052719814,0.174415072044893,-0.0122296922832185,0.130523901500693,0.131635752746021,0.101104528769015,0.0706544588264838,0.192212293963481,-0.0122952173591406,0.0388280741107772,0.136487352920608,0.0567552823070628,0.0184327796495976,0.034523220320122,0.0117287153506046,-0.0139537949300156,0.000522382998745577,-0.0432839882196129,0.0440167717172287,0.0448721048909176,0.0094151864909998,0.0644634704802937,0.06373161835889,0.0255401079610236,0.0459452001152679,-0.00582576254883076,0.036618693029216,0.0186279090348605,-0.0207977535955887,-0.0500217161925625,-0.016821278989787,0.0518379889907333,-0.0217635624076182
"tas_19",-0.165694295069308,-0.1271395793283,-0.111002289528233,-0.0392043145950042,-0.0183180547699597,-0.0734444217285748,-0.0995122938725122,-0.0357760640608936,-0.0508112758268267,-0.0844307386341343,-0.0858585626103971,-0.0787564949868965,-0.0872315485333821,-0.0287479529204452,-0.104490364657639,-0.057973899912463,-0.0946374642611029,-0.0585569724374372,-0.163316902754104,-0.0590464727822033,-0.114779703535249,-0.0291701205381793,-0.122972438937614,-0.0253099212611697,-0.136574130138729,-0.0746704071194532,-0.0169340189497882,-0.195533305509983,-0.0269721688476059,-0.00311267845761859,0.000811923674954115,-0.115112974822079,-0.0392998093600653,-0.0339904425506,-0.0311905911340045,-0.0222075213827807,-0.0443828180540801,-0.0403909098815886,-0.0422999748591291,-0.124446082927758,-0.0844175009796288,-0.0801752396052435,0.112729677797222,0.156231378325775,0.0310610446489513,0.278507841812598,0.182981002008647,0.0979886512090092,0.0200505183841805,0.210843969902276,0.066799414439185,0.496436071306693,0.176346725543638,0.148097548583492,0.148579393260875,0.108573494742225,0.303823237138906,0.0253660508919751,0.282087510681208,0.360434356960697,1,0.0491897657397693,0.0642054859704522,0.0478680276748484,0.0479907308238245,0.0490796970378962,0.0620081476630236,0.0600333328360264,0.0395638578941985,0.0073287634565116,0.0796631398240022,0.0151064108982385,-0.0169057713000245,-0.0266229762612257,0.0202467158934712,0.030280824918766,0.0425283487009089,0.0079158725570623,0.201045069232305,0.0101354765145321,0.167385425615976,0.0636919823585464,0.0803837327737361,0.124559069582472,0.0921553346774954,0.044769056692424,0.0177597455254797,0.16346851574574,-0.0220701445270396,0.0452720606080388,0.144424681679324,0.0554059079328867,0.0517670706687597,0.175849419313093,-0.033622260515731,-0.0648057596690864,0.0744282995003605,-0.0263126912058341,-0.0230930149019165,0.0326212522697297,-0.0109126225625587,-0.0139453877714378,-0.0127787600806475,-0.0300969056912298,0.0147320329634677,0.0228069107891795,-0.0665361719099229,0.00620364905202797,-0.00816461775862201,-0.0706278198080941,-0.0529140976585702,-0.0857248773995248,-0.00113938320239245,-0.130892016625612,-0.112805751398277,-0.131431717969537,-0.115423394807388,0.0291104928776099,-0.0804223766249766
"tas_20",-0.0444380345705968,-0.125677545356395,-0.1012469703474,-0.0753185357517846,-0.0722273076817446,-0.108275195977328,-0.0945813336841139,-0.0535474689726296,-0.00797044224522176,-0.0133392023743015,-0.0478690842973079,-0.113122619712702,-0.0134269566193529,-0.0235067427269994,-0.0881037446976362,0.0742865247311443,-0.0841138517773641,0.044080134995374,-0.122598822882834,0.0697114525816978,0.0840969583120389,0.204451627198452,0.130571163063187,0.183582402438995,0.143644811513626,0.0441801896461063,0.112650894241758,-0.0114876537023817,0.162562089101058,0.165858346278797,0.143935517748337,0.0738018378404726,0.150022255394163,0.181775433610284,0.20467368944716,0.0925296417545749,0.0968120375495047,0.0981315487666125,0.17842602428624,0.0600260239044881,0.178158379513696,0.164406343648768,0.254533016241539,0.241327608054435,0.192975504378382,0.14130696652859,-0.0547789413552857,0.273591150967412,0.258616386514974,0.167423625740668,0.259552683637057,0.065056908583457,0.267227109254054,0.204989928955842,0.280291975684799,0.253410720628608,0.0721179269777927,0.198506716144372,0.150048090309966,0.0427371039486431,0.0491897657397693,1,0.146607095092623,0.169133801533628,0.131194474361653,0.101270920151311,0.137998227547561,0.127503897542849,0.185807251321297,0.149182407946059,0.0887648412804287,0.150940331159271,0.163730691702097,0.160649501066968,0.202312006024096,0.225611017641003,0.134152513244617,0.10336863719109,0.0619382732231066,0.158187419579165,0.0345934495069636,0.150079694879887,0.115691425653797,0.0678462248860053,0.0758422814569739,0.156007976856889,0.138542917589923,0.0644835028356477,0.131906401911413,0.126897364138112,0.115275727246903,0.0789398346451442,0.17066518414096,0.112528554197294,0.155047910421007,0.152649536467167,0.0895275389074476,0.163731275479406,0.0875220535578977,0.160317872503336,0.10735932419617,0.122396016358806,0.150935382313676,0.0703512070841445,0.15889293184492,0.131725569030885,0.0752184346175115,0.117779543159482,0.153455560237868,0.138654236258007,0.12670206479826,0.0998707540332099,0.139960650160157,0.0570510028596507,0.0987830029972898,0.0546336825037765,0.0751729817544425,0.132938326803733,0.120737395483176
"phq_9_1",-0.0608248809933187,-0.204541036105484,-0.0751764493089948,-0.15656093542988,-0.180375268931954,-0.0768436728843944,-0.0349768368772232,-0.0924497425394266,-0.0531403870886684,-0.0781760369969622,-0.138229625995088,-0.136354949756743,-0.0659900216336986,-0.102380517704922,-0.0609224243354571,-0.0331220947584149,-0.0993826145514188,-0.0155312594955238,-0.192280390805804,-0.0295796248117207,0.0326611233184608,0.220001034843611,0.0941748580523908,0.256274050980764,0.107121486243571,0.0997211557366559,0.142498034154729,-0.00036627105863515,0.157921551158152,0.107242656896958,0.149602334352599,0.208805888808328,0.129963155428436,0.120583676784856,0.108676657027518,0.176880127019342,0.194542766996224,0.254607051267449,0.141604052224611,0.115206179098464,0.185382561500457,0.194592110009048,0.42539877707048,0.371042056457496,0.31738014483913,0.277091006606936,-0.0545038492388462,0.349156432468848,0.347144991783247,0.0562548670949648,0.385783622250619,0.0852365993772993,0.312063861565987,0.249276115672934,0.46530415927985,0.372335114001307,0.0835782855404841,0.059013826261315,0.327479704344302,0.0988855301786307,0.0642054859704522,0.146607095092623,1,0.76556008614822,0.51153857116829,0.554193472088471,0.506924141849283,0.630691570530722,0.618728322093736,0.4295366044991,0.502744774013625,0.595065657876835,0.61542121492805,0.621717246793291,0.583714428791853,0.462999888643605,0.51872619832099,0.568212918077576,0.482717920178644,0.550548854241267,0.485095551715057,0.509141375878997,0.544937132409244,0.363316611765901,0.338273911634596,0.552378899476111,0.410456657425723,0.525469083581343,0.462366589952177,0.399249245936339,0.470072083469836,0.327418910353613,0.541489644490789,0.51868368157935,0.420059612165479,0.492936915381553,0.435016630466571,0.501199807590831,0.221294955434471,0.382612577414534,0.279324645598077,0.466710405445493,0.284034629922523,0.275101139248902,0.335628697810195,0.378492730676611,0.311358089868107,0.38918651526468,0.373950671692096,0.377647840502963,0.35023352954073,0.280952772971546,0.352182231531802,0.303812878721919,0.301958823680562,0.27548182166498,0.280236821126059,0.348539113525086,0.292709276822153
"phq_9_2",-0.0485102165971999,-0.197097549026293,-0.0976547109463433,-0.158940984021876,-0.218762284743687,-0.127121944727866,-0.023466248905129,-0.134445792340183,-0.102116238776874,-0.0837936592343092,-0.147137983608535,-0.158211927495954,-0.0960957298341502,-0.124456922018822,-0.0913333433978073,-0.0509975660175846,-0.109377174806974,-0.0148575378092457,-0.209531792748214,-0.0575809704131705,0.02615059422491,0.220933685147638,0.0925816191146964,0.226432459943728,0.105310263608155,0.110869007510117,0.121792167241267,-0.000922499276070909,0.15578315010794,0.0736197968638969,0.133137192962258,0.197120586969529,0.110413209600735,0.114359449476321,0.0937029328541529,0.164570345089441,0.155550804066244,0.265940188675019,0.165165536824145,0.106765769302512,0.149535154813463,0.188482414589601,0.427430265245043,0.378394035130046,0.328234488942559,0.27803299811032,-0.10397050339545,0.364022810195559,0.333620367507927,-0.00717563342415014,0.381290697889211,0.0344067383872442,0.29528434813949,0.219709479196434,0.471494060000119,0.370721131814706,0.0893069739752634,0.0389685706965343,0.314341632656554,0.0712791689782617,0.0478680276748484,0.169133801533628,0.76556008614822,1,0.510322830275628,0.565560698582302,0.527141382327024,0.729551610110133,0.555367009870982,0.419809949421401,0.580375960310253,0.643884044221699,0.645155009962932,0.649365567521062,0.586196966693983,0.458236882091368,0.544834991008555,0.619590870805079,0.524469468550113,0.609364634019188,0.525354040624376,0.513082325218336,0.635789131939125,0.378684346114826,0.412799089079139,0.602140525966408,0.471770271373647,0.567230987640893,0.528832591813551,0.491955463911623,0.513921571428367,0.343443564342771,0.632737492443618,0.566082110840733,0.493499290740192,0.523752621614522,0.478366061743019,0.55835049837299,0.215270638433126,0.364252191645386,0.264259772836766,0.470814403696687,0.278674831719419,0.235888437432367,0.356113452053356,0.376719042690367,0.316022383230079,0.433806785897738,0.425703582107925,0.421775755640197,0.38256391761407,0.318922365605897,0.377354616168089,0.31631477251094,0.355732563686447,0.32261844210655,0.312168467429906,0.337715447647263,0.331800811021837
"phq_9_3",-0.0495882737320866,-0.182810736911956,-0.0931255365009848,-0.0771117229344688,-0.105481854272549,-0.0325948403768563,0.0454276993869118,-0.0280324637611084,-0.05357353642017,-0.0413703895649419,-0.0333188434326064,-0.0801872426887864,-0.0379551577150793,-0.0391231375608032,-0.0267966810294357,-0.0512139941845148,-0.00014926447365126,-0.0103337140092616,-0.135204867291689,-0.0420216923937415,0.0627340641279677,0.190456101493651,0.121411408867371,0.208307483899149,0.167072967377516,0.130070828233956,0.119564864354041,0.0716263897067104,0.0752574190520674,0.0449213107974621,0.131994955158638,0.236682041008972,0.0975588492729683,0.064208868815622,0.0743704888642756,0.213246441291496,0.198927191451745,0.291199306461219,0.149382513225663,0.12020043294969,0.167051449833857,0.228877337308957,0.300434226016955,0.255597702087979,0.264037555749671,0.214964406415221,-0.0643214005807604,0.245471027088741,0.307187255582987,-0.0447486179720308,0.28139372954617,0.0300952312982014,0.174503331701447,0.164504178729918,0.343849730927615,0.256369006743538,0.0467261962056576,0.0107510798104776,0.248879056138833,0.00512058442114168,0.0479907308238245,0.131194474361653,0.51153857116829,0.510322830275628,1,0.610830313573986,0.54222230227588,0.449705839621215,0.444663295924925,0.326601330245406,0.316090936175462,0.462686892411335,0.466864267017212,0.501151013430859,0.524963933154951,0.367327590800484,0.402347522651256,0.410145909260495,0.39590224780279,0.427474080788298,0.366934838437424,0.396831371636953,0.378800990454931,0.407000684954045,0.329535271660458,0.411961491513868,0.324309135357938,0.402124127146721,0.344128980366994,0.318832782240398,0.361780555732115,0.264658279807208,0.389748968807447,0.384858520271284,0.343221045492705,0.355376672025988,0.320775184700158,0.365182537977028,0.228029645304454,0.313937357047406,0.282933575486296,0.501520098403864,0.274521877224543,0.304183461500132,0.308108326700877,0.744682487764409,0.256849634431452,0.271021633357521,0.268974386841706,0.293736478351302,0.259450806866286,0.258739905180456,0.239519500404959,0.229212935900502,0.262258972060473,0.235455711156017,0.219182038808839,0.251427609111256,0.22475896140535
"phq_9_4",-0.0364386157411708,-0.203893409979616,-0.113053520802065,-0.137176846594958,-0.1528318041195,-0.045526566141595,-0.0323006146188532,-0.109171699394107,-0.0750959296772037,-0.0656517711754545,-0.0706457569335874,-0.147863805600022,-0.0627321850158854,-0.0632539103532739,-0.046174447825857,-0.0680798213974918,-0.0139596214009088,-0.0334404401356715,-0.170760983832142,-0.0508425444081134,0.0458639657772919,0.215902218675261,0.184202484068724,0.200923617553912,0.166560245871437,0.164054882832573,0.137173910223122,0.0335994408277888,0.146702731460186,0.0541013436364275,0.138019609632005,0.251487192484324,0.0467700453475658,0.114069779795013,0.0785507249830015,0.254351806925177,0.230499259937453,0.312073795133112,0.134732060879491,0.158478592730205,0.142211069918627,0.214864931818059,0.406556603341829,0.359958034783522,0.333197339744377,0.298632675327307,-0.022084527270181,0.300622267138907,0.377359981982979,-0.0579714054954734,0.386200071960648,-0.00989242620841735,0.282723377622886,0.153469005622257,0.430915645700335,0.326135436062155,0.0412908014895191,0.00698195004387593,0.277821810981846,0.0180971524026023,0.0490796970378962,0.101270920151311,0.554193472088471,0.565560698582302,0.610830313573986,1,0.569516580516148,0.502097225147407,0.558272741912287,0.362630235451535,0.332387609563056,0.561355616471804,0.554884402229521,0.577384919939221,0.593836010548947,0.453925413755561,0.523824581781524,0.466753026499839,0.492936993695311,0.540287478746866,0.459251502379841,0.465774605601163,0.478980437491185,0.540248695944274,0.434300349806516,0.492776489412465,0.443791981278045,0.486863726301952,0.390860278869027,0.428432365936971,0.456527078737513,0.418050578952392,0.471886653707095,0.47563825949089,0.484691894731087,0.452239916425007,0.465709446836181,0.445288668249135,0.277571375867995,0.412137741282279,0.331940912306835,0.792255291387136,0.38154293747686,0.336826981610482,0.361805594557352,0.516957045221877,0.298657815994884,0.334959676674784,0.338368220855548,0.407719610198303,0.357865732947671,0.331513559954163,0.272104431057008,0.32059989469083,0.367838446327084,0.341581992273064,0.286432867718816,0.325496512341114,0.312290617121286
"phq_9_5",-0.0685272103226813,-0.299278593429163,-0.0707966348878745,-0.185691095826507,-0.149776438060125,-0.110128741617108,-0.04212658804387,-0.0959621269930387,-0.0676554869309765,-0.0714859336362318,-0.0844527063931633,-0.135651353148209,-0.0843585007115853,-0.0711098649387549,-0.0422366508797313,-0.0338547889472552,-0.0525496754610595,0.00724801025945638,-0.0878314965680664,-0.00457529892486298,0.0808548180674489,0.210384748338845,0.193102769131102,0.237277473741142,0.169755297772816,0.10105438783434,0.119806990184721,0.026186645125383,0.142521153169088,0.0582055931274735,0.138175898807423,0.21566823114355,0.045667281990961,0.135731172985813,0.102515285127757,0.197858344739143,0.179059220386325,0.258952596008007,0.189511844846749,0.160386284264215,0.165151373989199,0.229554622049115,0.393208587910741,0.319176363178994,0.302061993258368,0.258766557881627,-0.0117285997127227,0.313646336466536,0.327984560156643,0.0408171795844715,0.318428747819375,0.0215496097589026,0.239028680671883,0.157149136311023,0.347719878476252,0.346352114422266,0.0416926814815466,0.0341157158678076,0.238840929148617,0.0498527890016626,0.0620081476630236,0.137998227547561,0.506924141849283,0.527141382327024,0.54222230227588,0.569516580516148,1,0.522893638787876,0.48829761255478,0.365582488861925,0.336697283664181,0.504061003038013,0.506389858671925,0.510471602926249,0.487492619094433,0.447374529340838,0.524851829160596,0.467465487296965,0.383635981903722,0.455666705829958,0.407744279638785,0.403378033393094,0.415437659573407,0.376514019027014,0.385068145017335,0.455479420093064,0.399974119857297,0.370659800339908,0.362012934917606,0.373848755722442,0.389272136792472,0.325355451869341,0.429580904546184,0.352678270910578,0.391604706422303,0.413055341043589,0.405541517038978,0.431638892459181,0.222497186720725,0.363049456645123,0.310222407377625,0.522761594001594,0.301183938007864,0.266502403738761,0.403967533378297,0.442535683442191,0.271094253499283,0.314551444097471,0.335079840551122,0.356383636344744,0.286261489673546,0.291529234385674,0.281827266194542,0.241841720603196,0.25094906869343,0.237280621644564,0.203948423132192,0.263037532677152,0.28433905608959
"phq_9_6",-0.0580358108958466,-0.183221661090256,-0.11644748214691,-0.167936183497203,-0.193298607732665,-0.130185049318839,-0.0289241975597058,-0.0765176708911246,-0.0584511059725987,-0.0827828852666942,-0.106256164338234,-0.128385921664195,-0.0750621690030382,-0.0862751827537592,-0.0944106988852039,-0.0492320795661286,-0.0832491816484664,-0.0230663667380436,-0.170038727192973,-0.00588149904496772,0.0544575280818422,0.221569492893917,0.1171563736225,0.237777459325268,0.106952915021422,0.130585707195274,0.151840708315204,0.0124849949124445,0.14969125110254,0.09387951503308,0.151893937818901,0.215673306606985,0.110788644938036,0.155412535810671,0.0963438654080615,0.180484382308699,0.153124233730518,0.256103130240879,0.149670959054795,0.156945369135124,0.190935251356198,0.241828778916664,0.392821201168729,0.365209075107385,0.294245727061523,0.24735502497048,-0.0405921142454466,0.324418943610811,0.307461942566116,0.0282249965068436,0.349865892347144,0.0153408529573582,0.257856024448752,0.190231155279018,0.409652236129612,0.373246513387575,0.093384640584159,0.0379803503538684,0.31172202388458,0.105472743644882,0.0600333328360264,0.127503897542849,0.630691570530722,0.729551610110133,0.449705839621215,0.502097225147407,0.522893638787876,1,0.549600832559407,0.405506379428553,0.567755131789383,0.619157087301221,0.649447467862764,0.647314858130396,0.573907968484387,0.424717590863497,0.522334158725781,0.607614836632813,0.517660378415531,0.557599839779564,0.573789109318467,0.550444314299343,0.715717649409359,0.364510172725327,0.437969717838969,0.607719696437253,0.429164042508184,0.554126336779232,0.514976291265327,0.551986037452276,0.530115820772788,0.391177769412521,0.700666682691788,0.540060338293509,0.490485229314198,0.517347804555187,0.493163536294607,0.565928537840162,0.201790223274942,0.283151453774173,0.243973722606136,0.402811264939669,0.232501961116318,0.191079034043577,0.310210893907326,0.353924629522649,0.281342076816298,0.384876958661723,0.402918118693205,0.391042062532433,0.332935775275409,0.279500177297733,0.32903062394831,0.272032128319673,0.308886560879758,0.267193244772726,0.255590524825952,0.311715141148984,0.302284418022193
"phq_9_7",-0.0562450840554974,-0.197116902975249,-0.0969763612037721,-0.195504581560588,-0.171761809108831,-0.112296564314456,-0.0525771514294023,-0.081933988602118,-0.0836510656280018,-0.100925678938046,-0.1893332998283,-0.144141895305507,-0.0675576299386701,-0.0605648554638956,-0.0962137783358577,-0.022946691173806,-0.120572626581867,-0.00990075115087215,-0.221510223446705,0.000754247920412158,0.05178822852206,0.204846127864038,0.162739838295315,0.249486058417947,0.127462401089198,0.123547674285442,0.154824341960086,0.00356750199250836,0.15361234827197,0.0963223591630299,0.164801282468155,0.202201201990693,0.115467964944466,0.124603331662082,0.128082216804418,0.209475119071891,0.169960419470657,0.205990134993368,0.172349744014703,0.122685809470661,0.210271637470322,0.250414328649041,0.432443279290072,0.401040078651816,0.307899311220795,0.323555245747914,-0.0611359375420977,0.347713588158929,0.357576152448796,0.0363691326029948,0.396753106223175,0.0867761283578136,0.313116105981754,0.253360802543969,0.443888369007966,0.429047438684637,0.0559674528761378,0.0685215829924123,0.293298473045372,0.0825895264709521,0.0395638578941985,0.185807251321297,0.618728322093736,0.555367009870982,0.444663295924925,0.558272741912287,0.48829761255478,0.549600832559407,1,0.508684332330209,0.429451438861625,0.545266400660946,0.54897152152685,0.556052449013453,0.60661524662106,0.554858150597328,0.506270625488432,0.517469225227896,0.446005338935754,0.510444541966128,0.405102711080708,0.414219770707096,0.466136463836398,0.413638711436375,0.374652508967172,0.479211610497126,0.358645814631646,0.434588729045684,0.405341461201602,0.384408999092079,0.432709220787859,0.352969733541745,0.453922224026904,0.439853419874691,0.413421525144263,0.451245306385479,0.452104918921489,0.419051525508676,0.236134678909457,0.350946230486351,0.290196432264557,0.470005624149502,0.30770900761761,0.239289610672848,0.356680468881996,0.364963873913331,0.276822928337934,0.320325504900871,0.321728619344444,0.35004356984519,0.294872543614342,0.281106887334732,0.29816198992222,0.272171457037859,0.317930214122289,0.266613580722784,0.248132034366253,0.319654549056652,0.293015480789234
"phq_9_8",-0.0341749907662849,-0.145792960515521,-0.0688514342160053,-0.114347586514567,-0.12873526003605,-0.137849615039951,-0.058904747656868,-0.0478247459216618,-0.12621000757719,-0.0823649087553527,-0.112225285699118,-0.118110129568206,-0.0471486983155629,-0.0252419033805935,-0.0811692399842699,-0.00809896797514801,-0.0883422214369757,0.0138113634339486,-0.143739588352735,-0.0154574555011966,0.0299465035666085,0.266218383688786,0.121679830269878,0.326063996976749,0.116088857089919,0.0712871269487338,0.0956316946325979,0.00276377775196935,0.152282290511127,0.131326902317732,0.187726053390077,0.189902367910104,0.103863996099864,0.114846612923698,0.174469287705967,0.207031553700564,0.151286550040254,0.218487591403581,0.214650244521802,0.114146891099744,0.238526377768564,0.25782677342234,0.342017143044021,0.316868659884323,0.318008142496498,0.1957097463333,-0.0108160800155015,0.28168061029664,0.358810284194429,0.0565461024908915,0.311167463354932,0.0544757833588243,0.272193431468839,0.241823431067805,0.347046063190726,0.317834275544762,0.00173326741099672,0.0680961868421776,0.155698814051329,0.0652236865000912,0.0073287634565116,0.149182407946059,0.4295366044991,0.419809949421401,0.326601330245406,0.362630235451535,0.365582488861925,0.405506379428553,0.508684332330209,1,0.427818587146494,0.397428421151506,0.374082019917729,0.38534261255477,0.436234217728478,0.535981427293959,0.379324876333463,0.435312679851585,0.247803775796227,0.332457348180895,0.207505955498078,0.233018495894865,0.292332002144111,0.207915270578562,0.205974553084727,0.325196540166632,0.224921024441557,0.236536468183417,0.390735169996267,0.22850100243713,0.247324243154083,0.183348981380378,0.271658967847354,0.247056394252142,0.302491203270983,0.303717789173296,0.327433850300782,0.348858812606246,0.233957503195953,0.324931919280554,0.283490129816231,0.319366165380036,0.275717420884977,0.249472348088168,0.267775655735948,0.269703779610953,0.202782372967524,0.308573862328761,0.254644980957347,0.26520726907034,0.2666960891051,0.180598017476604,0.272095805643021,0.188383277648289,0.214530212058347,0.179800571877565,0.167746803577617,0.190228215536346,0.151391564751947
"phq_9_9",-0.0498404850130283,-0.176621129968832,-0.073318752427074,-0.0877360736368623,-0.152058424098102,-0.139511011993987,0.025761974654447,-0.0611927237123212,-0.0822359859118987,-0.0721692092049608,-0.0968708752974194,-0.102663472270646,-0.0908279994431192,-0.0645945406537023,-0.0672648064468568,0.0649955101171598,-0.0587704301241476,0.0694584056195124,-0.129264105769114,-0.0225081875913314,0.0218445543020929,0.139039465107206,0.0263835988232728,0.1837863766182,0.0412458850155484,0.0289287073994574,0.105230607623814,-0.00956054282499217,0.0775331923737286,0.0397508678503025,0.130343164323129,0.134307875105939,0.0938058216692541,0.0230789292469826,0.0522192867398571,0.0738247081911301,0.117557546596681,0.195266928349692,0.169833545905175,0.0789296298119571,0.150007914764142,0.145325777147821,0.301646209981918,0.248090164990187,0.285586374443009,0.176822782722102,-0.06610650475859,0.244633465400331,0.218675820176882,0.0618183017577638,0.244991307580204,0.0839022430954636,0.169692328445951,0.168326974388451,0.320545596885564,0.260256742400265,0.0286009248136315,0.0291264038198561,0.192790130426964,0.0431328957480941,0.0796631398240022,0.0887648412804287,0.502744774013625,0.580375960310253,0.316090936175462,0.332387609563056,0.336697283664181,0.567755131789383,0.429451438861625,0.427818587146494,1,0.433553933872687,0.498506864923302,0.455218814282628,0.426637520714189,0.393374725966622,0.374881397959364,0.552715441567986,0.377935635032382,0.407930765806629,0.342537662116935,0.348117859862612,0.488475777007521,0.203667346714921,0.254488629859519,0.434400065865395,0.307452129772395,0.38940536871423,0.525902779256813,0.293201597012178,0.356155781028986,0.206815328137433,0.425337298047639,0.368467307259445,0.302144822602682,0.339189858054514,0.341640694610836,0.397488365497802,0.202257082449008,0.311575246733043,0.267517690760153,0.242641633936801,0.201457850063892,0.177105905275992,0.24159919945985,0.218425120562801,0.263218521260602,0.499335358315323,0.401993785108603,0.341983429381159,0.380456740630725,0.235470454592686,0.333292168245836,0.249499094677756,0.265486649225635,0.259581665873024,0.272583859900751,0.3168147837766,0.2624065402756
"gad_7_1",-0.0645198843533908,-0.224253925996819,-0.13283061754522,-0.17647573865212,-0.19373895311153,-0.106138202204882,-0.0608967002348559,-0.127386564837146,-0.0562425448544241,-0.0605938129066665,-0.171034510185655,-0.177316364418565,-0.0771656903612887,-0.0930707492124497,-0.113838877534729,-0.0113926545567084,-0.0720372586675526,-0.0272954583465973,-0.195377914373215,-0.00990317296108828,0.0627330713480488,0.239910348704863,0.170302860365162,0.278360898657582,0.152079605539118,0.189641346502467,0.159245401350225,0.0613342582997654,0.241664019376929,0.108737902647354,0.186484633513699,0.207722073928948,0.0963354788286758,0.172155987778744,0.122527630107762,0.250121428416896,0.218846996053029,0.325467110588598,0.182799715238045,0.156705933273678,0.222366733976228,0.270287770956372,0.440469802492122,0.416370127118339,0.34931423226255,0.307716860458409,-0.0613347244080868,0.384322577508451,0.389882709550795,0.00301552159247259,0.422205379524621,-0.0198351685236484,0.31411173275896,0.241273609517,0.436040928055141,0.389861371241772,0.0940189042163456,0.0932077513222938,0.293078617701175,0.05609935463467,0.0151064108982385,0.150940331159271,0.595065657876835,0.643884044221699,0.462686892411335,0.561355616471804,0.504061003038013,0.619157087301221,0.545266400660946,0.397428421151506,0.433553933872687,1,0.787166873362249,0.773097078477114,0.671939556919143,0.495599872250506,0.556476893392406,0.670478882724809,0.467744797260269,0.699318151752144,0.456486327648937,0.507811525842624,0.529405019780018,0.411084599087343,0.488287116030576,0.564274909780332,0.541464363699615,0.46931943927715,0.484129864837739,0.482375033378629,0.481267521719538,0.408968073903169,0.554780651066384,0.482029071588647,0.529909189805474,0.553297163810888,0.524519698263549,0.622743077315334,0.279236092466282,0.392126342492918,0.324748862462489,0.504812557582749,0.361632800608539,0.262246690819708,0.355313026852041,0.410481708340624,0.349439212835427,0.380490381533743,0.390738976003956,0.416545621230803,0.346244391873425,0.327123501706231,0.376576381845222,0.364214799896336,0.378461845754049,0.33697537125542,0.313769866209893,0.348920928493085,0.353851945365098
"gad_7_2",-0.0399466542026785,-0.198409358211841,-0.14136476876846,-0.145479257378262,-0.21619471891034,-0.131635297363423,-0.0357317787440047,-0.117806788077297,-0.0621334171836129,-0.0689485664373041,-0.121994808615186,-0.141776357048607,-0.0844109283625826,-0.111639147850155,-0.100068262945802,-0.0451320344712744,-0.0627178647760381,0.00162984146435649,-0.155743742189084,-0.0116549717161436,0.0761770166800069,0.248822600830579,0.17405826135672,0.259122388588299,0.164183242025833,0.170638990622035,0.157611680844277,0.0567369489560798,0.209781169402803,0.110238047338419,0.163179255327901,0.227899716487717,0.123000803119088,0.148743934948731,0.110800040762079,0.228886793129952,0.257681558373909,0.304454731085771,0.181570093777684,0.170232190159211,0.243017148065486,0.257778477547078,0.431264738942767,0.388807228571359,0.338679254120127,0.286253182611608,-0.0928780698940046,0.395833067677235,0.382320480545972,-0.0100197420219762,0.418629204488597,-0.047420261286524,0.289484000576812,0.213406109090094,0.438467645684594,0.399450066832236,0.0748124263093312,0.119042437703198,0.274653869960331,0.0430136680502123,-0.0169057713000245,0.163730691702097,0.61542121492805,0.645155009962932,0.466864267017212,0.554884402229521,0.506389858671925,0.649447467862764,0.54897152152685,0.374082019917729,0.498506864923302,0.787166873362249,1,0.880355716385346,0.686225482831115,0.537105372030248,0.544317434452178,0.737062743963899,0.449965951546423,0.648834587638651,0.451249407094381,0.525483014770691,0.535886195397894,0.381478177921729,0.456871139045086,0.620218600988105,0.568263502516399,0.436386298858119,0.48238494109233,0.461070706831952,0.482933598075027,0.396706921976831,0.566816483048415,0.456097411981291,0.548707389487019,0.572616145211464,0.513304651734913,0.630921961922541,0.266681008047782,0.360302108986612,0.305602480005916,0.493681798360137,0.347575116130891,0.26339022033478,0.344230018860331,0.405564535597094,0.394366305007732,0.461135591804401,0.441424614550355,0.478522330729396,0.415230656199842,0.361894103655088,0.407407966956173,0.399267655863113,0.387098490527197,0.364806935131061,0.347770094722371,0.365341650310578,0.399126356793274
"gad_7_3",-0.0231315863996087,-0.143369382310074,-0.104763102861557,-0.138330601136339,-0.159998326399184,-0.130189602499266,-0.0336535720443915,-0.102898239321574,-0.0445768465523012,-0.0565386433601433,-0.120582641735006,-0.126929477691238,-0.0891048701275065,-0.111537754006452,-0.0850127795189054,-0.0607039052681427,-0.042488160626345,-0.0133732785414772,-0.198950255750669,0.00354056335652573,0.0545175719022206,0.247993719352884,0.191665363739343,0.268333668729393,0.160808767341649,0.174527523514037,0.18016469336462,0.0953063090702878,0.205915602252998,0.101096255191189,0.16192224512605,0.239314230958195,0.113856527996459,0.172936158455499,0.12685899627278,0.237347482751738,0.280744169275439,0.320303553367603,0.158102409178146,0.190525996164042,0.235944215763647,0.289101796455502,0.433160143687808,0.392947728600173,0.322512596290472,0.272227923262056,-0.0973741252937623,0.393126072434905,0.396870416321,-0.017543372997263,0.42732070330229,-0.0641541219121531,0.285309493540375,0.216232740556731,0.466074191527748,0.413036327131797,0.0835441416895693,0.0860146817425687,0.25917055362688,0.0269124143595817,-0.0266229762612257,0.160649501066968,0.621717246793291,0.649365567521062,0.501151013430859,0.577384919939221,0.510471602926249,0.647314858130396,0.556052449013453,0.38534261255477,0.455218814282628,0.773097078477114,0.880355716385346,1,0.69085056689582,0.519477651678205,0.554582920760811,0.700708841307269,0.442042200657332,0.657009624679747,0.46293666013973,0.548861943006808,0.557589970068846,0.40920634151394,0.48376115418368,0.622255894400596,0.606674733410469,0.457660603848542,0.478027035075465,0.494779653170032,0.497904204117083,0.405687786015714,0.572461254990504,0.455605154790012,0.569100328022243,0.585816557843335,0.51867761265393,0.653203133077093,0.273862123128465,0.36022628735576,0.311421718729927,0.50933310506807,0.361532639050788,0.278207256088559,0.361207699851688,0.435800359401969,0.395892395900987,0.444944980366022,0.437143447406866,0.488326617244663,0.421994039369176,0.378144355543002,0.375495807808382,0.392193126871417,0.411457531981524,0.377542183488744,0.354961352293227,0.361166201598724,0.400354783892191
"gad_7_4",-0.048049920972896,-0.206836439930123,-0.129920923657043,-0.184654854280147,-0.165825898353252,-0.0968942170248924,-0.0662559854037506,-0.0947486531625002,-0.0703397994978604,-0.0511687694324324,-0.126903726127277,-0.155915253179921,-0.0632102731550656,-0.0892635733214094,-0.103392180866434,-0.0363652953315099,-0.0677226075270429,-0.0342283882277788,-0.198599579656579,-0.00159749777023418,0.0762168229340146,0.230343986571601,0.116240133147451,0.253839542863344,0.12569944512566,0.144700686728609,0.13813920354099,0.0138779337232371,0.153274012031385,0.0971671487304807,0.143683391173974,0.236500150333301,0.116425263462129,0.109095265870265,0.114497906749767,0.210117836052194,0.199449821561662,0.258728229083526,0.152523377982289,0.119357446780632,0.227116077253818,0.242026195484473,0.426763084769959,0.376910609177211,0.347276726573093,0.282686721596254,-0.109414209041736,0.373899626555156,0.385592346769996,-0.0464043451236042,0.378433342593172,0.0111186122511601,0.323911065962786,0.249706668615849,0.44685335646576,0.43115015328885,0.0607510697768343,0.0729352442149614,0.278912444568764,-0.00410060307656449,0.0202467158934712,0.202312006024096,0.583714428791853,0.586196966693983,0.524963933154951,0.593836010548947,0.487492619094433,0.573907968484387,0.60661524662106,0.436234217728478,0.426637520714189,0.671939556919143,0.686225482831115,0.69085056689582,1,0.67293936600124,0.564937042692052,0.591583757046017,0.459991596260882,0.621633155955406,0.418456592173916,0.507804362224775,0.474343201461058,0.433237106079134,0.413945549068416,0.536473007510973,0.461455871669055,0.451679786924056,0.448714527361622,0.417030991868137,0.424133834085242,0.335438127365916,0.498475767964799,0.461192711553025,0.495560687077463,0.515147648523546,0.445966892695362,0.546627552891335,0.283642030085893,0.350551387400098,0.303758361931813,0.542621489918238,0.39991919232349,0.284918779231377,0.340384822036653,0.484207412866106,0.311011326770729,0.377736375606991,0.343042420137679,0.380905914190004,0.346857896005192,0.297964636135513,0.327812684356488,0.274806022649094,0.345891479678784,0.29744669375128,0.274018388350999,0.326688178112235,0.319633372940989
"gad_7_5",-0.0341474847928161,-0.197731627565314,-0.0830044323585868,-0.107409184700291,-0.140339643454757,-0.122408040761594,-0.0611291118766976,-0.0943354472091586,-0.101985428045727,-0.0592716148006549,-0.104242518469399,-0.117812713458203,-0.00953090203517539,-0.0556929091824333,-0.0746916413356842,-0.000783953333518075,-0.0756078514602525,0.00701187436873648,-0.139119593315476,0.031371411623959,0.0884351829934511,0.281324634735321,0.153302646306664,0.290594551516078,0.16765803949384,0.143630599090292,0.15480469915186,-0.0157706964728822,0.165023493758737,0.158153814666735,0.17052439615322,0.230775053607281,0.143757595445598,0.13603997074092,0.138037588356254,0.188558996100036,0.192601282266389,0.25450405449303,0.177285235515293,0.139081552835944,0.247133232997987,0.263225881564209,0.413822530612734,0.358427164826254,0.321275138245978,0.253629304590206,-0.0801053137076835,0.345851950816793,0.366966841184523,0.0321184734138127,0.370446664322086,-0.0216386001376781,0.34116990523274,0.294596927991349,0.421594007900567,0.403985474667544,0.0630581476320712,0.0811571255567984,0.197970274647226,0.00657363046943509,0.030280824918766,0.225611017641003,0.462999888643605,0.458236882091368,0.367327590800484,0.453925413755561,0.447374529340838,0.424717590863497,0.554858150597328,0.535981427293959,0.393374725966622,0.495599872250506,0.537105372030248,0.519477651678205,0.67293936600124,1,0.500127722473914,0.518451511559972,0.294613751272434,0.487613678416304,0.250852332844488,0.357298871864487,0.364931532931398,0.29345860360657,0.267940766006173,0.407952021395913,0.349625424536549,0.274433678384125,0.386632069123422,0.282468018345571,0.278899438049126,0.202122665962343,0.372351946260537,0.284619097564946,0.370279936332341,0.381783085012581,0.348537563782413,0.396865607904387,0.241308193536244,0.350025488390871,0.268712363216804,0.39729230033084,0.346906227092279,0.259650679918933,0.332728724960203,0.364481357362611,0.288930592222459,0.33238693560602,0.322636668277294,0.354737712330294,0.318824314736569,0.267374479399959,0.330631360829409,0.261305513628901,0.303205812017616,0.279066332394065,0.267238393013107,0.296976983470178,0.287521035209407
"gad_7_6",-0.0433364865060682,-0.176366041171926,-0.0585135878772689,-0.178940029618382,-0.143652476666907,-0.108542868638522,-0.0596316227170757,-0.0734460454968057,-0.0427487891784617,-0.0933023190852317,-0.08767457320342,-0.104914322359191,-0.0513488643714174,-0.0996219199178575,-0.124025433140796,-0.0561364718207833,-0.0807039307733979,-0.0377247649460592,-0.174615413017885,-0.0583780733968385,0.0218391729832262,0.175441131054475,0.137628374742809,0.217617596144247,0.0922850366523885,0.146974489608831,0.131643607556016,-0.0238806613814063,0.119975954280924,0.0482427515855721,0.114688785489533,0.20514566194486,0.0960689916507319,0.126888779814734,0.0528820690328284,0.186493744179862,0.205424903777472,0.247917586093343,0.182610210279165,0.0967447265146053,0.149323565144006,0.191576285777955,0.395703631232359,0.354453182945663,0.356922897164328,0.278506145250353,-0.0274308096470555,0.36174952701825,0.35870408759362,0.00667367261944372,0.393518834796943,0.0184002639830793,0.297791982079092,0.194860650421041,0.415786323547222,0.459659503875789,0.0612318262594976,0.0640458109021695,0.24543445071609,0.0383922061443342,0.0425283487009089,0.134152513244617,0.51872619832099,0.544834991008555,0.402347522651256,0.523824581781524,0.524851829160596,0.522334158725781,0.506270625488432,0.379324876333463,0.374881397959364,0.556476893392406,0.544317434452178,0.554582920760811,0.564937042692052,0.500127722473914,1,0.585523386745689,0.42172643411798,0.529764787757103,0.426998500642493,0.428491790919147,0.455251465529021,0.388475892273483,0.449097747962756,0.436469657741368,0.447081051093496,0.411951588147521,0.435743683169628,0.435043431879885,0.405595321418833,0.309642625153655,0.492767996639229,0.41075483940238,0.498220009233643,0.464350139593129,0.455562873015692,0.502237250315915,0.28413708296475,0.326759744684348,0.310209096347015,0.484867503195841,0.364513234396145,0.299439355120313,0.345919234442846,0.363686413480309,0.279665822063168,0.315151435514205,0.346359897211934,0.367580790286091,0.291300515876218,0.284913601533242,0.301294094821899,0.300228261897206,0.306979771072436,0.296962625952107,0.279382210363893,0.305973959808847,0.278630299769503
"gad_7_7",-0.0646649604531985,-0.171017352491431,-0.110966100030346,-0.0764681526013699,-0.205288914178472,-0.162347626583058,-0.0672230596132638,-0.103338542968871,-0.103914905462282,-0.103649924416163,-0.142003409694924,-0.136968394389342,-0.0863579201151762,-0.110242970855541,-0.128498853679436,-0.0232982590803232,-0.0653472094132431,-0.00498015823645524,-0.15627331777021,-0.0368019301246601,0.0251698402493496,0.245346504079366,0.129499032460092,0.27616196308751,0.155212858662646,0.161546740447462,0.173450412132282,0.0113108001148685,0.165742362107743,0.0830679268414542,0.172908291715102,0.172809924818387,0.128666297386268,0.128980498205458,0.111096248978979,0.207811900020022,0.246063345113089,0.318418511788845,0.20999858250849,0.139977560701279,0.209336965608114,0.227856399362355,0.389786919499899,0.329735650559666,0.360463551764362,0.246620192210309,-0.0312498511903586,0.365711616191102,0.359776225219194,0.0192653397048262,0.37517630082819,0.0270954242536553,0.237995248526109,0.197304873768356,0.422800867905646,0.3734912734518,0.0501460054164649,0.119452793315178,0.231426683080435,0.0451640986746489,0.0079158725570623,0.10336863719109,0.568212918077576,0.619590870805079,0.410145909260495,0.466753026499839,0.467465487296965,0.607614836632813,0.517469225227896,0.435312679851585,0.552715441567986,0.670478882724809,0.737062743963899,0.700708841307269,0.591583757046017,0.518451511559972,0.585523386745689,1,0.398144823050639,0.578677994506196,0.402497348946476,0.456261358373439,0.510073354786848,0.301065654025273,0.405969255101948,0.557548622174514,0.488172758540416,0.38591346160206,0.549184824782442,0.397240239941984,0.418311990929452,0.32171370581239,0.520069625184024,0.415941378676308,0.482704934629061,0.511355699558714,0.449932178395463,0.58086242006125,0.2805579097963,0.366037721844083,0.301438667796026,0.414578783371356,0.328361678184894,0.280371262047525,0.313003201367907,0.357678394118544,0.403218072031148,0.471783301799124,0.471071953593476,0.467784316564269,0.422910062316932,0.382526272349645,0.41838462102822,0.418231665251579,0.398722123018728,0.387020276626695,0.378556298240452,0.389952024724982,0.432321778430306
"stai_1",-0.134747879552548,-0.215410848483476,-0.155949808106841,-0.22498204961656,-0.175300074682096,-0.102736064412957,-0.0981753446225808,-0.0558200124722482,-0.0303752103300463,-0.0360184798302091,-0.13022616532943,-0.136511172349251,-0.0556991207336072,-0.0842652455874469,-0.0584472198574092,-0.0175225972204164,-0.115748309927774,-0.0598153356247329,-0.240005169695469,-0.0989071532294158,-0.0432660911317953,0.0717390522752586,0.0127513873931512,0.0752090309989982,0.022983089772108,0.0767164980409911,0.0658417722175676,-0.0793318263739364,0.00683392606022018,-0.043587394796535,0.0416674001801787,0.100132053872779,0.0242492526334393,0.0453820885125049,-0.0305079836867082,0.106179315878114,0.0878023605532834,0.179181855176431,0.0180576458555879,0.0401497754665143,0.0273099649564271,0.0880428056208262,0.350657651323969,0.345031919467844,0.277191694246302,0.365859855657022,-0.0341531645732403,0.24630363538371,0.280542630088553,-0.0418767842165731,0.299404775662638,0.162113558159191,0.292540641832667,0.131086543863411,0.399901902399064,0.299204811970747,0.101762645990351,-0.0173914507544859,0.384089131020609,0.16942936538457,0.201045069232305,0.0619382732231066,0.482717920178644,0.524469468550113,0.39590224780279,0.492936993695311,0.383635981903722,0.517660378415531,0.446005338935754,0.247803775796227,0.377935635032382,0.467744797260269,0.449965951546423,0.442042200657332,0.459991596260882,0.294613751272434,0.42172643411798,0.398144823050639,1,0.496639033941975,0.675318026592359,0.471555328452437,0.53282728591958,0.535922252708846,0.564905225370688,0.479997771303918,0.389729736702168,0.742432658537552,0.325940833785317,0.42999264877181,0.604912939215678,0.456516513476479,0.502440795944103,0.67618815901014,0.381192040830098,0.406693387074379,0.558394593145616,0.383166106809553,0.173328605066806,0.251914253486193,0.163600321971198,0.39770359658431,0.208683806526095,0.188738096583974,0.277185704222277,0.331133763300905,0.219866709107882,0.257887790633893,0.255842356247709,0.264942620984414,0.245282829863914,0.2387848846239,0.21798416301738,0.200307057091575,0.230395024356097,0.193594663984013,0.175762314594313,0.241429867139961,0.140905052261007
"stai_2",-0.03499148515952,-0.205566703689575,-0.156038999276808,-0.197151820860717,-0.234842871995097,-0.120341810734245,-0.0604358768068175,-0.108266416379296,-0.0587011437094997,-0.0471148268286929,-0.160851016882473,-0.162328475087614,-0.0817737078640759,-0.107469441504379,-0.11496493639743,-0.00995203477468345,-0.0857993848150405,-0.0206219411731761,-0.209229955054965,-0.0091922196741657,0.0862457306655183,0.219962214870287,0.177618238900239,0.213034205545188,0.163664521925512,0.171386503857514,0.152479146429215,0.0295351251176838,0.164444847372765,0.0578212223744881,0.132999185091913,0.214893603772769,0.107197151563472,0.126949699316372,0.0789279467659431,0.206417466643988,0.194806644553358,0.285847478796083,0.130635158742303,0.126326054116375,0.219553868051092,0.274423518225806,0.458067900237454,0.425036542349767,0.334900223849945,0.301575434096046,-0.0723461472514964,0.383941767736712,0.403522527026097,-0.0104166069951023,0.410575173243657,0.00420260042352117,0.305240491675302,0.241563378440666,0.472224609205406,0.434344759869982,0.0791870524748352,0.0695668388928674,0.301959445087039,0.0248394981789979,0.0101354765145321,0.158187419579165,0.550548854241267,0.609364634019188,0.427474080788298,0.540287478746866,0.455666705829958,0.557599839779564,0.510444541966128,0.332457348180895,0.407930765806629,0.699318151752144,0.648834587638651,0.657009624679747,0.621633155955406,0.487613678416304,0.529764787757103,0.578677994506196,0.496639033941975,1,0.489461960190924,0.534980172746202,0.574918944200277,0.418170969463727,0.509888156105696,0.560985524252522,0.581769843132012,0.503664518715797,0.47669509864072,0.52329390891032,0.48730119548411,0.422841866709605,0.584932301063407,0.503215663535917,0.573822644300105,0.577959366958921,0.548114530016183,0.599301400353253,0.258340109572053,0.319856696399417,0.270777084549412,0.519407680640015,0.349826657709254,0.244529679772677,0.329344779947205,0.38033702265567,0.301740104426723,0.363294861008804,0.354690369410396,0.399088652783085,0.345819934163873,0.320442271834992,0.342724044719507,0.33584836940174,0.364011177778922,0.330809041168452,0.278736894019022,0.302561892370943,0.339776845117273
"stai_3",-0.082345320670611,-0.199868135989827,-0.0877093174849109,-0.205482238468804,-0.190573699896338,-0.0906297317333057,-0.0764149153664876,-0.0722729056325222,-0.0426494750290005,-0.0268007795389717,-0.072532418428084,-0.1205927272848,-0.0576081802960771,-0.0574213232409374,-0.0595343245230891,-0.0816050108230508,-0.10111609510509,-0.0593460570963756,-0.229093055521302,-0.0807264815608713,-0.0388361230380333,0.0692708027927458,0.044196749894126,0.077937057606019,0.0384779694844211,0.0927610284150721,0.0922391176171652,-0.0356641748639213,0.0596802613462858,-0.0343613535765085,0.058718875076072,0.159531954200403,0.0494268292045912,0.0662771138284817,-0.00658889602970846,0.126878001684734,0.120389478372127,0.187981484899648,0.0391310011485526,0.0689531330903796,0.0598639384661062,0.108411178181585,0.341935409149158,0.357882404141603,0.285991188129344,0.34571301429141,-0.00638183365546563,0.244963537457273,0.268883953588045,0.0135548275996506,0.325902276133895,0.139061855622722,0.261269509461938,0.13718780987027,0.388225281440477,0.300336762921957,0.0963600038740264,-0.0288038816782583,0.380688444594564,0.15165671493832,0.167385425615976,0.0345934495069636,0.485095551715057,0.525354040624376,0.366934838437424,0.459251502379841,0.407744279638785,0.573789109318467,0.405102711080708,0.207505955498078,0.342537662116935,0.456486327648937,0.451249407094381,0.46293666013973,0.418456592173916,0.250852332844488,0.426998500642493,0.402497348946476,0.675318026592359,0.489461960190924,1,0.503127788198984,0.639773617462925,0.485300837548615,0.559537928298523,0.517077148080921,0.401469365449242,0.705499917208554,0.366965012961194,0.562643491416864,0.651170175214582,0.470108329177018,0.637690342810805,0.686445780125911,0.404907591872705,0.441202351085452,0.557178607929994,0.434390584043196,0.138897407924963,0.178746038112329,0.180849289795684,0.380189724716759,0.191263002723451,0.173230751270371,0.259972259930741,0.328833026306531,0.257436282363621,0.26056598853437,0.291545609577093,0.306416899751669,0.275956138050982,0.231777921403849,0.213173113998981,0.20738889085992,0.242043143548631,0.22023135557897,0.218708469156343,0.263329523235547,0.191828525451391
"stai_4",-0.0469509197422615,-0.138500444329859,-0.0525936644823885,-0.141759442113751,-0.123784647499631,-0.0824591086432562,0.0152760140638863,-0.0381181186681777,-0.0159765987777082,-0.0226904355085586,-0.0468899738077935,-0.101365551963953,-0.0198707326075515,-0.0363879049067191,-0.0258698399763528,-0.0245513288834747,-0.0201948622079579,-0.00659872876478239,-0.152378333447079,-0.00908140365486589,0.0438040815228412,0.188029761679854,0.143325398680446,0.200517238697373,0.123422081535319,0.0900774942396889,0.0860487236056648,0.0300440314647103,0.146536680591863,0.0855808316963477,0.117031527635808,0.2104361787667,0.14329518130955,0.106972159394827,0.0802515756727269,0.185746414945066,0.202396093119885,0.234359574599132,0.117687074560798,0.14352637469015,0.157900096866847,0.207042335968712,0.374931886895477,0.343227501417147,0.28887531750579,0.24357409878402,-0.0331307104053893,0.325193374749843,0.317878635787693,-0.00569268077571148,0.367333746249885,-0.0165515803708423,0.252823985117363,0.219502421751414,0.387981256008717,0.370754242717776,0.0774740754212712,0.0362674024718305,0.303627328956402,0.101032505744233,0.0636919823585464,0.150079694879887,0.509141375878997,0.513082325218336,0.396831371636953,0.465774605601163,0.403378033393094,0.550444314299343,0.414219770707096,0.233018495894865,0.348117859862612,0.507811525842624,0.525483014770691,0.548861943006808,0.507804362224775,0.357298871864487,0.428491790919147,0.456261358373439,0.471555328452437,0.534980172746202,0.503127788198984,1,0.57927341188352,0.398551227991654,0.41501368392655,0.517187082494914,0.440939657631032,0.519274060581041,0.410802367905996,0.477396219950689,0.485362993884715,0.33724205230999,0.609469581796222,0.515756557269522,0.485390259460874,0.494533816613756,0.465218947679277,0.490537562049203,0.226318697135262,0.201104952684041,0.217103623371424,0.427913236814129,0.225066481577749,0.174699928625263,0.271025330944876,0.331773294193668,0.284784620984737,0.319361915602963,0.326757320863629,0.333424732015966,0.283597595381073,0.270998848251244,0.30591170215119,0.290875970306224,0.279086435176369,0.300026008125527,0.257904917614879,0.281830399544138,0.297120401959905
"stai_5",-0.0942697063070691,-0.188435803178913,-0.0975729771628012,-0.198398182130495,-0.179092547598196,-0.111163134678402,-0.0374952754930903,-0.0543724986701088,-0.0148733696529448,-0.0333785180663142,-0.141665330672333,-0.141066410119617,-0.0675023261913969,-0.0631663594584234,-0.0585946760053923,-0.0377847839264193,-0.0602957335647502,-0.0048532454403146,-0.168578771657139,-0.0186664303199287,0.0412593113815627,0.153150199352384,0.0856572383191506,0.146827701966762,0.0794005247580091,0.132663810907455,0.117308856192929,-0.00523358547936781,0.103247760414877,0.0333086576939112,0.102456416499625,0.197302289098366,0.0871547329603939,0.0891701350950405,0.0329165993371951,0.174378675590426,0.151963430247743,0.23373080828391,0.100939114003455,0.0854329593857365,0.146572387251203,0.206131264688692,0.385632942225207,0.359406750532116,0.292578128451936,0.27759926089142,-0.045751451241998,0.303884296624526,0.27467367604133,0.0407832534592828,0.368695529956821,0.0367432619487211,0.253119998453017,0.189921568540972,0.450225818363483,0.37031745894363,0.112871230266697,-0.0203444452262526,0.317292173937819,0.11942940775644,0.0803837327737361,0.115691425653797,0.544937132409244,0.635789131939125,0.378800990454931,0.478980437491185,0.415437659573407,0.715717649409359,0.466136463836398,0.292332002144111,0.488475777007521,0.529405019780018,0.535886195397894,0.557589970068846,0.474343201461058,0.364931532931398,0.455251465529021,0.510073354786848,0.53282728591958,0.574918944200277,0.639773617462925,0.57927341188352,1,0.391637389233032,0.435678033452428,0.625275201832148,0.485529476654359,0.583102953213926,0.484320380290845,0.611320986590446,0.54923108018284,0.38740988292882,0.767052284913861,0.567032959086716,0.468080498304572,0.528806070561464,0.505985936532241,0.563943882471387,0.194136342823381,0.242855279550835,0.227808934651248,0.406238583337459,0.263866696153512,0.228182071425576,0.295845715670037,0.328766747794031,0.259051121401845,0.405573171549888,0.409814902086477,0.401489213399764,0.356395759458709,0.295675480214888,0.288138838324983,0.258432294429114,0.305071524155078,0.297539076963392,0.276476483622168,0.332255699638058,0.277553241666456
"stai_6",-0.0740559769358093,-0.22087912941221,-0.110027054900029,-0.222065927792342,-0.183296737605969,-0.0917786321154099,-0.0728072409437655,-0.0957553964605852,-0.0622186091502005,-0.0686005799161181,-0.110483985185935,-0.124430797406593,-0.0607089218773199,-0.0651888664366602,-0.0671076618039378,0.01171592412477,-0.0555395877731248,0.0162134905984941,-0.192369936989112,-0.043873435557766,0.0261920338656081,0.135592745780297,0.0965756884987705,0.119355786170111,0.073839610010497,0.123333044156374,0.150036279237841,-0.0460459630172521,0.112143418401005,0.0388388789924197,0.105724545900006,0.123463867021061,0.104249030430537,0.137764352126527,0.0534862784124767,0.180248064206233,0.160252217741639,0.246939775708391,0.0657569204022478,0.0969453010803381,0.112469670434739,0.170154611701459,0.307537474519794,0.309021057101063,0.281720156440782,0.275200503966605,0.00673037302380982,0.248685291291417,0.298996617744831,-0.0747642170877787,0.310560374502419,0.077047148517139,0.222883268430615,0.108874705717356,0.331658995762975,0.279892049852406,0.0502129992695151,-0.019569200558853,0.262348337594998,0.0887762124488135,0.124559069582472,0.0678462248860053,0.363316611765901,0.378684346114826,0.407000684954045,0.540248695944274,0.376514019027014,0.364510172725327,0.413638711436375,0.207915270578562,0.203667346714921,0.411084599087343,0.381478177921729,0.40920634151394,0.433237106079134,0.29345860360657,0.388475892273483,0.301065654025273,0.535922252708846,0.418170969463727,0.485300837548615,0.398551227991654,0.391637389233032,1,0.506536867411819,0.429598704087831,0.327259308661744,0.512260581275647,0.256852767769412,0.370553296057394,0.507591333890024,0.400799287716476,0.410119265275972,0.527021891116547,0.321986659176161,0.347597877405518,0.428595802957945,0.35777405284719,0.207348956864233,0.255416055225803,0.210153334079131,0.485941998806029,0.244365431878132,0.218526354950138,0.285098150364223,0.389621973167987,0.186018013765146,0.181971272056017,0.210507578475185,0.244342568209729,0.182802245982459,0.181678166740138,0.167318439624741,0.15388902019053,0.164358897931155,0.172873868216116,0.140819962826792,0.174770820215961,0.144447162973597
"stai_7",-0.0898493356100966,-0.246121733644153,-0.171896845531143,-0.201626644245041,-0.239538055857303,-0.167860973107189,-0.106026666854098,-0.122699397753288,-0.0705755241093503,-0.0599679729110905,-0.0958700619695021,-0.164410225253467,-0.128288118004815,-0.0800201087815249,-0.126759718751711,-0.040439946037559,-0.0961484874769171,-0.0488156192876863,-0.218572826270684,-0.122593290950743,-0.0545573730461889,0.117533710760895,0.0410865276516587,0.102658784675092,0.00236445362648319,0.0778044033751353,0.0656953954574091,-0.0243433509865505,0.0549116980616803,-0.0137536331258878,0.0437449239184485,0.11580580236766,0.00242912343643813,0.0939553321445139,0.00206037303981884,0.10460774037968,0.153648344732396,0.208568593550125,0.0308220057191961,0.0611499496769854,0.0837793756942754,0.108309029199297,0.358183023030699,0.315661080036553,0.252901157984342,0.31649986885291,0.0505539578683103,0.271646385190256,0.309845705053755,-0.0751586136593211,0.31186414372406,0.0555903670758323,0.217579571297526,0.0942229754251043,0.336987186594745,0.315618029093493,-0.0276705311962506,0.0417044085604743,0.208718217970279,0.0743727736536704,0.0921553346774954,0.0758422814569739,0.338273911634596,0.412799089079139,0.329535271660458,0.434300349806516,0.385068145017335,0.437969717838969,0.374652508967172,0.205974553084727,0.254488629859519,0.488287116030576,0.456871139045086,0.48376115418368,0.413945549068416,0.267940766006173,0.449097747962756,0.405969255101948,0.564905225370688,0.509888156105696,0.559537928298523,0.41501368392655,0.435678033452428,0.506536867411819,1,0.44856673562795,0.467240997914124,0.544621368518494,0.310736666114307,0.466346123003693,0.53249130834251,0.502053430913555,0.482570093608567,0.553529364768003,0.474526120137763,0.466738332002307,0.635892639489388,0.459729979924594,0.157763496186326,0.207498438055375,0.18123531931714,0.388275675370748,0.258089125945055,0.211927430418701,0.293157567647959,0.303417591807534,0.226487297188394,0.245397914316074,0.268173605786066,0.322065282340456,0.260056511655998,0.26096069042871,0.182829134815893,0.242431320368023,0.254772743663475,0.266597026825519,0.239531295160088,0.239666954852964,0.234785179894037
"stai_8",-0.0615207637749594,-0.211424538036286,-0.145797428363412,-0.167385755396578,-0.188757922975817,-0.12458533242137,-0.0620439430189712,-0.101493826536646,-0.0538261312328386,-0.0544375305538271,-0.148102110539814,-0.164328920625278,-0.0873450498820711,-0.0912528296122926,-0.11626314256009,-0.0129040949321418,-0.0898640153555899,-0.0368072343415284,-0.154052537468734,-0.00946844198044669,0.0427189941141038,0.204993115427689,0.127413280933574,0.207876908517851,0.122911383337948,0.11554427567809,0.159725666286302,0.0381399940612108,0.187564943207112,0.0719455784481348,0.133234471198167,0.20042419683399,0.130095402008432,0.129876997428648,0.0782464952056231,0.216498488142472,0.210237319834623,0.28109246625758,0.0756533365676582,0.122457067036385,0.190734612905887,0.217131958092787,0.409282306832881,0.372703477939254,0.305797401297988,0.280749045600891,-0.0723524128682146,0.360663630507237,0.315740769501265,0.0231453849533641,0.407268501627477,0.0100749309291318,0.307609973974586,0.254170700033142,0.419298619384826,0.408427513824289,0.0706237081467316,0.0107204046370991,0.277462446169342,0.0510791731048643,0.044769056692424,0.156007976856889,0.552378899476111,0.602140525966408,0.411961491513868,0.492776489412465,0.455479420093064,0.607719696437253,0.479211610497126,0.325196540166632,0.434400065865395,0.564274909780332,0.620218600988105,0.622255894400596,0.536473007510973,0.407952021395913,0.436469657741368,0.557548622174514,0.479997771303918,0.560985524252522,0.517077148080921,0.517187082494914,0.625275201832148,0.429598704087831,0.44856673562795,1,0.544400358722376,0.515399745368643,0.468504201821551,0.485971602076844,0.544351753698652,0.411692499599353,0.621422737594943,0.533600654237131,0.471640309457714,0.540962589394383,0.52522998707695,0.58067474654847,0.237985027199771,0.274261963625876,0.237575855193173,0.454676615000303,0.286044651167673,0.243777309852232,0.303974243551334,0.342557613264265,0.329764431980133,0.399791201455049,0.387012661937676,0.423209254618212,0.368416245996666,0.338925378840083,0.336282973293551,0.29750746520534,0.32758698890066,0.338433269157303,0.311177969342149,0.355541702319299,0.325619937436927
"stai_9",-0.0400859579488883,-0.184410589422508,-0.137347468798983,-0.191850357605852,-0.211087367644421,-0.132577780633011,-0.0834133271736699,-0.105591828218151,-0.0618788989031087,-0.0199563264600291,-0.15938543876057,-0.162256819208861,-0.100655591953607,-0.122595927111929,-0.15535206018824,-0.0315904467507625,-0.0736128872652224,-0.0352553576687585,-0.169509084028623,-0.0464700948140118,0.00213375561166621,0.205156507682411,0.184588116686074,0.175047645256372,0.135750230312438,0.163586629996204,0.157038448579732,0.056455285466506,0.12524520876408,0.0788881687458284,0.139107639469133,0.205741449951747,0.0789280368324906,0.132126183245128,0.0641341954322544,0.184315354993261,0.239220409273181,0.245816427796966,0.13116239779912,0.126789290099977,0.154963632950426,0.20950385512392,0.412844374768196,0.354655841998042,0.316446429601838,0.291655311647924,-0.00571965916844959,0.371549964194158,0.347164792772906,0.00609941124770311,0.380927818707579,-0.0355515732537298,0.28180992560869,0.16883846547822,0.384177798150388,0.410520565383021,0.0660818988643409,0.0599606746909214,0.231385035068159,0.0357346052719814,0.0177597455254797,0.138542917589923,0.410456657425723,0.471770271373647,0.324309135357938,0.443791981278045,0.399974119857297,0.429164042508184,0.358645814631646,0.224921024441557,0.307452129772395,0.541464363699615,0.568263502516399,0.606674733410469,0.461455871669055,0.349625424536549,0.447081051093496,0.488172758540416,0.389729736702168,0.581769843132012,0.401469365449242,0.440939657631032,0.485529476654359,0.327259308661744,0.467240997914124,0.544400358722376,1,0.368114834464162,0.377904883383924,0.524606383398468,0.421023796944524,0.4189878371112,0.478462449471023,0.39064268049952,0.634991121941674,0.596323110908995,0.478509328530168,0.619304822589902,0.216539937297477,0.264534362952702,0.215617853220342,0.400383434088521,0.318108968521879,0.190517380483109,0.307392437613616,0.282549852808136,0.294605617589046,0.344587151402883,0.358523282715832,0.421366360221866,0.366147128007631,0.327611564468762,0.321690933217452,0.322485944411755,0.341210086913027,0.346357239475994,0.308656299978244,0.318799292560713,0.328174061641255
"stai_10",-0.0851799761866384,-0.183858990589289,-0.125773063672631,-0.189097571953306,-0.171769040657682,-0.093953794595588,-0.0498460936909225,-0.0398527061591481,-0.0371263587240753,-0.0155402911476121,-0.111005242952813,-0.11181146840947,-0.0395320017638744,-0.0741055956021615,-0.0886528379425276,-0.0764600270293012,-0.100735348160098,-0.0412434138725198,-0.231859487669999,-0.0607337338449968,-0.0331052587576571,0.0753866930836222,0.00465256473118943,0.0907047248838158,-0.0120210490982762,0.0707886863911001,0.114448926608038,-0.0701204047007355,0.0351413907897085,-0.0341829123514714,0.0593579984364303,0.117311919368656,0.0711432064923549,0.0618519436272642,-0.0143550965923003,0.0760056459579645,0.0881661083637603,0.144454421266303,0.00321376590913155,0.0705751790362053,0.031337251539962,0.075965071118956,0.352967030983123,0.342441340007883,0.252532927236264,0.330119946120353,-0.00317364997490882,0.252455114565061,0.257210664349198,-0.0175187592807704,0.335389387589669,0.14717023739213,0.275161016288161,0.156389323772082,0.396513822610516,0.30508112092788,0.106448653836013,-0.0152524845321607,0.364086177016187,0.174415072044893,0.16346851574574,0.0644835028356477,0.525469083581343,0.567230987640893,0.402124127146721,0.486863726301952,0.370659800339908,0.554126336779232,0.434588729045684,0.236536468183417,0.38940536871423,0.46931943927715,0.436386298858119,0.457660603848542,0.451679786924056,0.274433678384125,0.411951588147521,0.38591346160206,0.742432658537552,0.503664518715797,0.705499917208554,0.519274060581041,0.583102953213926,0.512260581275647,0.544621368518494,0.515399745368643,0.368114834464162,1,0.367495191732115,0.47006268507403,0.656663986551079,0.471157944826021,0.551426738478929,0.753460482216218,0.36033470365831,0.423499994896793,0.570540132596313,0.427813784918623,0.158833014122166,0.259640898555052,0.157647890968915,0.392838694241315,0.182082164305654,0.182074388307493,0.261861821910652,0.332449506923927,0.229273044417689,0.309740409478144,0.291234190343567,0.284807953701776,0.268551392615523,0.235589976598878,0.257144344057477,0.196327836368804,0.224736014204371,0.198528219616774,0.16769045932746,0.245008588880939,0.17242741018287
"stai_11",-0.0340425071901258,-0.125515669447583,-0.0420982758832498,-0.11758532453648,-0.135815484633539,-0.116284540776663,0.0509989456984822,-0.0579612332527309,-0.0335460643978915,-0.0516220745814104,-0.104498922070517,-0.108987129064219,-0.0744539872095504,-0.0988348145287921,-0.0932129056942466,-0.0366253842830554,-0.0641650531719205,0.0176905530823463,-0.145307032505844,-0.0100889891168687,0.0644985078824254,0.141146566280054,0.0738340317666599,0.247335267172147,0.110375863496855,0.0883639987642458,0.132694537624579,0.0721121154879245,0.112634139320914,0.0636781970069945,0.138622559838217,0.222438436385769,0.149156845499255,0.108864400644573,0.0911747596583407,0.165707316074826,0.184060889306391,0.266536674904521,0.122050347089914,0.1461542064855,0.21471951684397,0.221973395891089,0.36408183039323,0.295717704787304,0.36730382866996,0.194885135446563,-0.0397063443370319,0.342270757819437,0.321479106474427,0.0524403490280423,0.375816406404482,0.0277083810666835,0.249048252950232,0.228140165743951,0.384855946765279,0.351546620679045,0.0646485910661188,0.038265926177405,0.245933503112976,-0.0122296922832185,-0.0220701445270396,0.131906401911413,0.462366589952177,0.528832591813551,0.344128980366994,0.390860278869027,0.362012934917606,0.514976291265327,0.405341461201602,0.390735169996267,0.525902779256813,0.484129864837739,0.48238494109233,0.478027035075465,0.448714527361622,0.386632069123422,0.435743683169628,0.549184824782442,0.325940833785317,0.47669509864072,0.366965012961194,0.410802367905996,0.484320380290845,0.256852767769412,0.310736666114307,0.468504201821551,0.377904883383924,0.367495191732115,1,0.404809841922564,0.36530765532479,0.213941208442966,0.496534613510166,0.345598237959227,0.47526690093424,0.47005463388273,0.369039651394838,0.520768060469893,0.233058442371904,0.271568472660501,0.250300593430678,0.326379633996558,0.181510315247623,0.255377480341396,0.280344133256653,0.264990058603826,0.281206199794727,0.384290320520323,0.372226305853108,0.372987315275171,0.355041869061713,0.294319867967015,0.379505012945499,0.2779561944012,0.311833169595744,0.306080979419802,0.284510755898528,0.293778846483326,0.33844547644389
"stai_12",-0.0970570277213786,-0.186913934952897,-0.155719032417926,-0.232158116555067,-0.167795579319421,-0.105371688657313,-0.055883353136025,-0.0642184076103265,-0.0312461862607225,-0.0402813691864314,-0.112024972580388,-0.137514440716803,-0.074611449728165,-0.0764230897301715,-0.0964643379588401,-0.062058997583471,-0.0644917109311996,-0.0730651048764143,-0.221118512907209,-0.0575701998132856,0.00553416171759269,0.162757137735041,0.113335478293374,0.118876349480469,0.0633936741498121,0.116728959761227,0.104664539809195,0.00864985982134855,0.094086369402949,0.0234400593591475,0.105553194383732,0.207654679545635,0.0566989931264957,0.0777096342645607,0.013510260341585,0.139546815591798,0.127447818656094,0.179371018101356,0.0367512107104987,0.0943583853500539,0.111792824045739,0.170739328136888,0.381427086599787,0.40257475172896,0.271322749301993,0.334032827063419,0.0210588741905228,0.321602096151264,0.306967468678393,0.049088033263624,0.385537619328301,0.0146992154175114,0.290230407913773,0.20385049753588,0.423654748105113,0.358170547665967,0.0656235927357159,-0.00264426317144633,0.301360798332869,0.130523901500693,0.0452720606080388,0.126897364138112,0.399249245936339,0.491955463911623,0.318832782240398,0.428432365936971,0.373848755722442,0.551986037452276,0.384408999092079,0.22850100243713,0.293201597012178,0.482375033378629,0.461070706831952,0.494779653170032,0.417030991868137,0.282468018345571,0.435043431879885,0.397240239941984,0.42999264877181,0.52329390891032,0.562643491416864,0.477396219950689,0.611320986590446,0.370553296057394,0.466346123003693,0.485971602076844,0.524606383398468,0.47006268507403,0.404809841922564,1,0.524241693675926,0.467016410283769,0.63693154605332,0.479125803667042,0.476917188789569,0.530449051654653,0.498695489554574,0.520681668803298,0.135809783578661,0.180811883354324,0.182037313050061,0.39049871171616,0.214094595975813,0.173024631337445,0.223258081950591,0.273498471228049,0.22614079804404,0.256120076163883,0.284296018551642,0.315346842763727,0.269089894090182,0.26796894785499,0.205958236624171,0.239976938837767,0.287645364703465,0.266196096145334,0.21974499646736,0.27911686613833,0.235550083816978
"stai_13",-0.108198568319909,-0.199813058545043,-0.170633119794853,-0.211262460021491,-0.213776235482118,-0.152739609376366,-0.0929073948267998,-0.0693404309352619,-0.0834943242220723,-0.0706320460760365,-0.154151117860531,-0.121331314401385,-0.0809154805396924,-0.0643117545916568,-0.123678311977649,-0.0459373367096976,-0.109837052771398,-0.0254621896182458,-0.235190950700195,-0.068343421796227,0.00266797684074242,0.110012577374216,0.101568736872352,0.155340762083008,0.110170012990563,0.110404428385027,0.10302736984262,-0.0221315140604699,0.0561959603601626,-0.0055959100498355,0.0599660008994048,0.172266564777642,0.0744378812839192,0.093656258243264,0.0531700842443383,0.108681449277288,0.137769506446907,0.196262296148056,0.074365286356057,0.0764559473555892,0.095732612907785,0.141011680152516,0.38538228940934,0.373320871251744,0.276503329377978,0.356530176072511,0.035761203573997,0.29898484343066,0.311462911328456,0.00951565639548478,0.385957028104743,0.145522480361552,0.289319639947684,0.194031112777,0.384958122216824,0.303198540142601,0.0608875405707607,0.0124490594664312,0.357278065622326,0.131635752746021,0.144424681679324,0.115275727246903,0.470072083469836,0.513921571428367,0.361780555732115,0.456527078737513,0.389272136792472,0.530115820772788,0.432709220787859,0.247324243154083,0.356155781028986,0.481267521719538,0.482933598075027,0.497904204117083,0.424133834085242,0.278899438049126,0.405595321418833,0.418311990929452,0.604912939215678,0.48730119548411,0.651170175214582,0.485362993884715,0.54923108018284,0.507591333890024,0.53249130834251,0.544351753698652,0.421023796944524,0.656663986551079,0.36530765532479,0.524241693675926,1,0.536204510004668,0.557799260970931,0.677170669415324,0.412566500385153,0.410115870605473,0.591606965866542,0.437598757537905,0.176805673564053,0.235988061475836,0.171983163236764,0.385891987394996,0.212691744131953,0.141133513797437,0.276670235350362,0.313759763347511,0.236442734237559,0.294410763220225,0.269005699481979,0.298135915217129,0.260006765468136,0.230587193958124,0.264246874829468,0.175162806011461,0.212772282226864,0.183325891109984,0.175083178380091,0.220261822357074,0.179452939500624
"stai_14",-0.0912688093217661,-0.224821434393096,-0.146225127722288,-0.200068577843698,-0.229436130085177,-0.127820870924664,-0.119089021636853,-0.101977994436496,-0.0149619146288778,0.0199303982163106,-0.159255305964197,-0.16954423526687,-0.0935171662034433,-0.0780319402787553,-0.0785444557967268,-0.00624686079758634,-0.096736854434224,-0.0394943023470585,-0.177833348783005,-0.0410575386645811,0.00746797619609667,0.12336910580779,0.106831844646291,0.126433063386663,0.0999838875944692,0.117158994941795,0.0775022634747166,0.0142583198650656,0.0735612879732185,-0.00192971364008697,0.071370165796119,0.140805631006321,0.0503208125273904,0.108339529076666,0.0480336081541345,0.118446307144232,0.144243448301416,0.152608225666348,0.029528080154709,0.0763699811936964,0.0731408474796474,0.146412673626067,0.362123814955339,0.387407618346895,0.203712636607129,0.359462632311535,0.0849803027546204,0.257088616659274,0.275352221352776,-0.00610931555041614,0.324315585864095,0.0383159175780894,0.316588292663702,0.144782782395078,0.333515169488247,0.28530446551977,-0.0471693197895476,0.020643625609962,0.288287123481211,0.101104528769015,0.0554059079328867,0.0789398346451442,0.327418910353613,0.343443564342771,0.264658279807208,0.418050578952392,0.325355451869341,0.391177769412521,0.352969733541745,0.183348981380378,0.206815328137433,0.408968073903169,0.396706921976831,0.405687786015714,0.335438127365916,0.202122665962343,0.309642625153655,0.32171370581239,0.456516513476479,0.422841866709605,0.470108329177018,0.33724205230999,0.38740988292882,0.400799287716476,0.502053430913555,0.411692499599353,0.4189878371112,0.471157944826021,0.213941208442966,0.467016410283769,0.536204510004668,1,0.444819717779625,0.494877448816653,0.366079581671203,0.391535660283869,0.508290998036065,0.388234811822592,0.127778146539859,0.185463596594476,0.172020020408973,0.377120516671402,0.222216504174929,0.11662109664908,0.234640229539615,0.228100675059981,0.194376656097628,0.256086126653439,0.22814688688651,0.287705147914491,0.223203851659009,0.205950254796016,0.166027233906514,0.201564090531205,0.233315145408166,0.192600959833788,0.134475828313175,0.191095670498798,0.162737589107645
"stai_15",-0.112994420002018,-0.23528655940052,-0.143731577135392,-0.211915380938168,-0.215739032647863,-0.144605619786973,-0.0386624876132708,-0.0895184747985417,-0.0619557897371825,-0.0553315896361719,-0.15961183179828,-0.139527292800221,-0.059476016596561,-0.0805743251305105,-0.0919027343969279,-0.0451351288342268,-0.102628426188557,-0.0449551223214182,-0.204629740627507,0.00010359059690454,0.0619773636376871,0.177136754821903,0.104627498446818,0.174284273885623,0.0865907415517093,0.108353323106142,0.119856602519847,-0.0183786581530755,0.140267977782529,0.0459271374889283,0.104832991434387,0.187812456263068,0.136391244289712,0.129102202838878,0.0800663618702076,0.175021134954786,0.181623293051678,0.232868429358145,0.100115266199651,0.143316309384432,0.171994044518317,0.205078281309567,0.424244246775776,0.3957745059537,0.32881902658571,0.308339260892645,-0.080834686156728,0.387738393773253,0.329444718174116,0.0413533888960533,0.403021426371161,0.02003135708654,0.30742259662397,0.235354921424925,0.467782447335145,0.429370220366177,0.072412381249628,0.0104015795637044,0.323518686427794,0.0706544588264838,0.0517670706687597,0.17066518414096,0.541489644490789,0.632737492443618,0.389748968807447,0.471886653707095,0.429580904546184,0.700666682691788,0.453922224026904,0.271658967847354,0.425337298047639,0.554780651066384,0.566816483048415,0.572461254990504,0.498475767964799,0.372351946260537,0.492767996639229,0.520069625184024,0.502440795944103,0.584932301063407,0.637690342810805,0.609469581796222,0.767052284913861,0.410119265275972,0.482570093608567,0.621422737594943,0.478462449471023,0.551426738478929,0.496534613510166,0.63693154605332,0.557799260970931,0.444819717779625,1,0.555549797096857,0.517905314052693,0.576977704447491,0.513231604163417,0.60978155448125,0.171719580126522,0.218914809447511,0.231358575976673,0.434304915029192,0.223022293528532,0.21275591090915,0.264244183740514,0.314463562034267,0.275371783819646,0.376185010383191,0.377882848213911,0.380815013161254,0.328777036429144,0.281903511289295,0.293526403832413,0.272127726464063,0.320397715622791,0.295291615524147,0.274655161245989,0.321595895392244,0.296038001508228
"stai_16",-0.0971613511584328,-0.181063166572338,-0.158478717765992,-0.210619723946379,-0.200614862391156,-0.120987792839175,-0.0851099110277774,-0.0944216093095995,-0.0552522246364058,-0.0423971225126095,-0.128242452481273,-0.109514824948728,-0.0695860094918393,-0.091404659741274,-0.116380995278299,-0.0478762903513527,-0.120294817813102,-0.0315559514937728,-0.234471832686382,-0.0801286458589984,-0.033556445487236,0.0602496659952416,0.0443638799614804,0.0944031168686579,0.0208031567080961,0.0663455207303044,0.109011216515308,-0.0591609419974926,0.0739921682856839,0.00353203809165524,0.0664052595879428,0.138065591961186,0.0818220710602337,0.0767515247577472,0.0142980173809425,0.0915316602037682,0.0787843454473455,0.147223693723519,0.0412816457023257,0.0475871169553458,0.0369114231224183,0.104401390961065,0.364567596757759,0.338791317054438,0.268674751217742,0.334510283301309,0.005214034828047,0.292886951015664,0.278399645989378,-0.0364552561149534,0.335207068727759,0.134892402955049,0.285446314460319,0.162061429869271,0.404576433443898,0.300487014497684,0.062794438873495,-0.0220025199238242,0.354017149094901,0.192212293963481,0.175849419313093,0.112528554197294,0.51868368157935,0.566082110840733,0.384858520271284,0.47563825949089,0.352678270910578,0.540060338293509,0.439853419874691,0.247056394252142,0.368467307259445,0.482029071588647,0.456097411981291,0.455605154790012,0.461192711553025,0.284619097564946,0.41075483940238,0.415941378676308,0.67618815901014,0.503215663535917,0.686445780125911,0.515756557269522,0.567032959086716,0.527021891116547,0.553529364768003,0.533600654237131,0.39064268049952,0.753460482216218,0.345598237959227,0.479125803667042,0.677170669415324,0.494877448816653,0.555549797096857,1,0.375010687945394,0.409229192135408,0.596224320929737,0.427088786172803,0.175203782213845,0.232747359848261,0.168402386156281,0.401037371166367,0.211098474340477,0.194002900452717,0.28314682996959,0.336606017232353,0.188913965296558,0.28699346845151,0.258038983997519,0.253363158810695,0.239352968785479,0.193893363141189,0.200345447032555,0.178107249182195,0.202648449998091,0.180175303006726,0.172952254249179,0.234427970105239,0.178199770425575
"stai_17",-0.0870284661932666,-0.15083233108355,-0.121326949374892,-0.172411649895769,-0.159881671470541,-0.110713281876308,-0.0600300357708158,-0.0894369542311304,-0.054237436865014,-0.0432460841048274,-0.122110494374477,-0.161883146619251,-0.0653111058234589,-0.121679034020273,-0.115571449563334,-0.0394418713492754,-0.0738747881091819,-0.0693545148941287,-0.186079463492903,-0.0418842039181497,0.0324947668151163,0.197387555563757,0.1648496863708,0.191311136780325,0.176844276655462,0.173164224302413,0.134355389223842,0.0500688952961488,0.121062909685894,0.0725120728864598,0.128955771848171,0.233486013701252,0.140933211563274,0.149955252007217,0.103640967058874,0.209880094769916,0.235131259323019,0.271799355003312,0.0882087722479239,0.167809350718877,0.209120386369668,0.244296910405777,0.403709471527033,0.342894851256244,0.331307892493379,0.26923817388115,-0.0206448650337305,0.374027571057217,0.378914553818609,-0.0239074430247306,0.408606968959621,-0.0399677654652207,0.275676047930924,0.17433945575328,0.423106666617319,0.389219823298987,0.0517424115533192,0.0775921401854885,0.208128798449463,-0.0122952173591406,-0.033622260515731,0.155047910421007,0.420059612165479,0.493499290740192,0.343221045492705,0.484691894731087,0.391604706422303,0.490485229314198,0.413421525144263,0.302491203270983,0.302144822602682,0.529909189805474,0.548707389487019,0.569100328022243,0.495560687077463,0.370279936332341,0.498220009233643,0.482704934629061,0.381192040830098,0.573822644300105,0.404907591872705,0.485390259460874,0.468080498304572,0.321986659176161,0.474526120137763,0.471640309457714,0.634991121941674,0.36033470365831,0.47526690093424,0.476917188789569,0.412566500385153,0.366079581671203,0.517905314052693,0.375010687945394,1,0.640910884920379,0.461715511588845,0.6237787252559,0.216568071386164,0.23706477262966,0.243509554945672,0.43518884064413,0.27726843680124,0.234036827388577,0.342807461162687,0.316985974673797,0.274559012809738,0.292943069224422,0.32024637901611,0.37293204186154,0.301585553260094,0.313551463729209,0.318146060359018,0.286503706560833,0.357646877784779,0.325752113403161,0.282631787076655,0.298880529631637,0.35317607616501
"stai_18",-0.140671078385723,-0.180676798480354,-0.155916196222254,-0.198586827038152,-0.189497314787429,-0.117155885377018,-0.0478103015178468,-0.120055295515044,-0.0874594692911105,-0.0503519112903482,-0.134020163746676,-0.174450426614584,-0.0894241503960134,-0.13251549640186,-0.157439476523638,-0.0644930406769714,-0.101204355472502,-0.0321192918874153,-0.231806223692668,-0.0752270922077373,0.0283833278347786,0.194539495957364,0.149501444049629,0.1724995918804,0.150231813714098,0.18293221541212,0.156923732492115,0.0561892795414441,0.12017568204049,0.0523362772454544,0.125393947230299,0.225837408211777,0.147373799934267,0.155838174414534,0.0835221407132283,0.205178548628203,0.241543440312673,0.271113249509282,0.129346965476941,0.151260995668145,0.194164803574482,0.238809408044255,0.403138844526893,0.392544640554391,0.355799492928845,0.295024151819379,-0.046581548218575,0.369476696728781,0.404921020094769,-0.0072734993734751,0.405592967920044,-0.0449425954513448,0.300710050293841,0.183578489719773,0.464238536257742,0.384200135833327,0.059029033964869,0.0756161015347816,0.237676983494841,0.0388280741107772,-0.0648057596690864,0.152649536467167,0.492936915381553,0.523752621614522,0.355376672025988,0.452239916425007,0.413055341043589,0.517347804555187,0.451245306385479,0.303717789173296,0.339189858054514,0.553297163810888,0.572616145211464,0.585816557843335,0.515147648523546,0.381783085012581,0.464350139593129,0.511355699558714,0.406693387074379,0.577959366958921,0.441202351085452,0.494533816613756,0.528806070561464,0.347597877405518,0.466738332002307,0.540962589394383,0.596323110908995,0.423499994896793,0.47005463388273,0.530449051654653,0.410115870605473,0.391535660283869,0.576977704447491,0.409229192135408,0.640910884920379,1,0.463672630484087,0.682236511962423,0.206840460521383,0.261469753775156,0.218804896687612,0.414142407504463,0.244311147890178,0.199143199302718,0.303984335778236,0.313914978371335,0.304241771605402,0.352880775633316,0.358931210152096,0.424263917764966,0.355867470144403,0.314101398904269,0.329971080227613,0.314869321082984,0.364821280256246,0.361105483484468,0.300069635289382,0.327938329039797,0.318010225488822
"stai_19",-0.118469387913462,-0.195687061891655,-0.189335386120881,-0.175316850282497,-0.167081118714713,-0.154167645616584,-0.05860859172033,-0.0971153827746211,-0.055059711545176,-0.0499667374062165,-0.0712914465058417,-0.135171015218366,-0.0910006814840853,-0.088833005929002,-0.133835624724976,-0.0110133035764664,-0.0872860535128406,-0.0160331537255345,-0.227426979463722,-0.0738109372912214,-0.0311787505966358,0.14643689219786,0.111049398548164,0.178188662658865,0.0786572018279069,0.0791569725202305,0.0713219403484378,-0.0208115349972614,0.133774778703984,0.0268467206026621,0.0801693323859907,0.169370639168402,0.0799029954402546,0.0882701182860879,0.0589333705853506,0.130016805739528,0.176667646998502,0.204123333261209,0.0762327638677362,0.051500159537536,0.135583389454373,0.16385507785279,0.405513988970106,0.368523150936295,0.258034503180431,0.340517387860276,0.0517840011615777,0.307857127035657,0.315505469541171,-0.0275016973514531,0.377114928438993,0.0477712459503037,0.307352699243925,0.198533608162325,0.383515759896078,0.399756149350032,0.00672187944596748,-0.0096173323267428,0.237812755216247,0.136487352920608,0.0744282995003605,0.0895275389074476,0.435016630466571,0.478366061743019,0.320775184700158,0.465709446836181,0.405541517038978,0.493163536294607,0.452104918921489,0.327433850300782,0.341640694610836,0.524519698263549,0.513304651734913,0.51867761265393,0.445966892695362,0.348537563782413,0.455562873015692,0.449932178395463,0.558394593145616,0.548114530016183,0.557178607929994,0.465218947679277,0.505985936532241,0.428595802957945,0.635892639489388,0.52522998707695,0.478509328530168,0.570540132596313,0.369039651394838,0.498695489554574,0.591606965866542,0.508290998036065,0.513231604163417,0.596224320929737,0.461715511588845,0.463672630484087,1,0.484928441382637,0.148894842725052,0.251852990154277,0.189994152238837,0.404996982615635,0.253167206974625,0.160257618801831,0.278426240532008,0.286509009344149,0.22969809646637,0.312954035697665,0.282695111065049,0.323197673106327,0.28665217212681,0.230443674334552,0.247916795974576,0.227043750154698,0.236376300755808,0.22594861802148,0.185755456414129,0.197950785273448,0.188691072254672
"stai_20",-0.0795741519937745,-0.188206866641627,-0.117482868808073,-0.151865727926662,-0.179571304373325,-0.137566728090844,-0.0491687821653343,-0.0979858825942823,-0.0511054752458703,-0.0529760347758985,-0.174523513611588,-0.13594529470484,-0.124111813145541,-0.118564313945942,-0.112926000059473,-0.0275221021758446,-0.0726507823820123,-0.0334352274274369,-0.204037325545868,-0.0327561570993361,0.0383697967351267,0.218464199060873,0.118845810261513,0.262302097230776,0.110115251572657,0.146844559533532,0.175611928472898,0.0388831491952643,0.192581088082883,0.0846587497187206,0.146599727724126,0.214824466460334,0.144041581762869,0.156675246646588,0.116113365191428,0.266528422591592,0.264259055301703,0.301920878039883,0.12207151408403,0.157711350438014,0.232506615951787,0.257518019952998,0.434431749333084,0.380047253347956,0.385434725869175,0.276638034452539,-0.0319838167121676,0.390886720547258,0.36559120016326,0.0176016490295742,0.405166569685704,-0.00400046640634923,0.287280304044086,0.208257883758644,0.435416069240324,0.418364056633581,0.0599033353970517,0.0556420064629328,0.199008589233607,0.0567552823070628,-0.0263126912058341,0.163731275479406,0.501199807590831,0.55835049837299,0.365182537977028,0.445288668249135,0.431638892459181,0.565928537840162,0.419051525508676,0.348858812606246,0.397488365497802,0.622743077315334,0.630921961922541,0.653203133077093,0.546627552891335,0.396865607904387,0.502237250315915,0.58086242006125,0.383166106809553,0.599301400353253,0.434390584043196,0.490537562049203,0.563943882471387,0.35777405284719,0.459729979924594,0.58067474654847,0.619304822589902,0.427813784918623,0.520768060469893,0.520681668803298,0.437598757537905,0.388234811822592,0.60978155448125,0.427088786172803,0.6237787252559,0.682236511962423,0.484928441382637,1,0.22160938158727,0.289940906904502,0.238608616315644,0.397290172386078,0.309306881335896,0.253491422384926,0.308702373823309,0.300694579678615,0.355376101396371,0.398071795587185,0.386097818757123,0.425104663982881,0.368448435650483,0.314726202424663,0.380202640707545,0.329269182522087,0.371874363781286,0.351859518261871,0.316519019964305,0.339407679096557,0.357340758482249
"sss_8_1",0.00694064759848077,-0.0909033618545373,-0.00634808542079726,-0.105739064622099,-0.105093723222376,-0.0671541642223751,-0.00559154469944493,-0.0681076548955498,-0.0105843311567905,-0.0188819788268411,0.0086577387844382,-0.0607933826858359,-0.043478154977917,-0.0439482746524122,0.00405411991740125,-0.0212304721122349,0.0282842679918988,-0.0220000776257282,-0.0726914611483663,0.0281402235265003,0.0833463572871958,0.176109704595909,0.0879101731582618,0.249921501711693,0.127256603450336,0.101555992038316,0.132281271861762,0.0173351877251476,0.121166482868608,0.0429363864722554,0.108965189822591,0.191359893650612,0.0873002797234127,0.163221045115247,0.10220495107522,0.324312545753245,0.252692557748342,0.366532931554025,0.133323732455079,0.0973128184895815,0.106587445906783,0.172956488443759,0.163205460340603,0.162585475773758,0.298410226921225,0.119129547818412,-0.0094463863665424,0.177512156363549,0.228631786942499,0.0480573959509913,0.212346202070794,-0.062246724319196,0.126962903952512,0.096714468625508,0.24011823136368,0.190813175742195,-0.0472580004081892,0.0298387198324486,0.0672702534263794,0.0184327796495976,-0.0230930149019165,0.0875220535578977,0.221294955434471,0.215270638433126,0.228029645304454,0.277571375867995,0.222497186720725,0.201790223274942,0.236134678909457,0.233957503195953,0.202257082449008,0.279236092466282,0.266681008047782,0.273862123128465,0.283642030085893,0.241308193536244,0.28413708296475,0.2805579097963,0.173328605066806,0.258340109572053,0.138897407924963,0.226318697135262,0.194136342823381,0.207348956864233,0.157763496186326,0.237985027199771,0.216539937297477,0.158833014122166,0.233058442371904,0.135809783578661,0.176805673564053,0.127778146539859,0.171719580126522,0.175203782213845,0.216568071386164,0.206840460521383,0.148894842725052,0.22160938158727,1,0.295683312054348,0.240290428434919,0.321233376120621,0.274351093099139,0.421877279297682,0.224714292597222,0.234831617460194,0.240163134266198,0.224149036597706,0.255194594900775,0.227653022460544,0.204255901245165,0.217668688077947,0.154837920758509,0.129712003540129,0.104535112277568,0.122398450888103,0.0934442174357861,0.205421908821875,0.161002744344473
"sss_8_2",0.0130080307742484,-0.149330559551127,-0.0387712987444975,-0.0923225042076523,-0.100132457239471,-0.125543980015793,-0.0737465251657464,-0.117550181797543,-0.0701650442013048,-0.029341307711018,-0.116513558176946,-0.0746759997439616,-0.0556922459609344,-0.0783415315450906,-0.06589273495779,-0.00675511827997698,-0.0651307091984032,0.0472875611832113,-0.103983468299566,-0.0483900206910489,0.0725444930322246,0.267175975933267,0.0549350095473383,0.341535562771222,0.0924026788182212,0.0987414718613634,0.137141710829477,-0.017552347544697,0.159393235647015,0.121604545091289,0.215444433553091,0.166616669765682,0.0799110062877237,0.139811795347538,0.0943408605125197,0.208035074181708,0.167257567327094,0.266952112938641,0.210071107233879,0.102270297295833,0.148643634934228,0.198503473929229,0.279020081349513,0.221631870984827,0.300055468758677,0.192629824975709,-0.0330325527819112,0.242918656533382,0.282491510405305,0.0310087740738985,0.241674515960387,0.0260416304890952,0.17261025506981,0.144290448832133,0.305075257447214,0.219424533070007,0.0291271439564904,0.00989987278576052,0.137421531141086,0.034523220320122,0.0326212522697297,0.160317872503336,0.382612577414534,0.364252191645386,0.313937357047406,0.412137741282279,0.363049456645123,0.283151453774173,0.350946230486351,0.324931919280554,0.311575246733043,0.392126342492918,0.360302108986612,0.36022628735576,0.350551387400098,0.350025488390871,0.326759744684348,0.366037721844083,0.251914253486193,0.319856696399417,0.178746038112329,0.201104952684041,0.242855279550835,0.255416055225803,0.207498438055375,0.274261963625876,0.264534362952702,0.259640898555052,0.271568472660501,0.180811883354324,0.235988061475836,0.185463596594476,0.218914809447511,0.232747359848261,0.23706477262966,0.261469753775156,0.251852990154277,0.289940906904502,0.295683312054348,1,0.394016171023305,0.362482160652011,0.318820837608659,0.313483366464094,0.318058458540382,0.314724240347012,0.203976262357938,0.279178934799145,0.288609210329513,0.289483426611142,0.250443227320635,0.247609349599215,0.259781070570319,0.226091022117777,0.243493384146821,0.192741434297514,0.172086129523651,0.23326103793224,0.26303806650114
"sss_8_3",0.039616302012954,-0.178325734788974,0.0124925976536208,-0.0818508487011744,-0.088142853484774,-0.0771427949943135,0.0203297241102506,-0.0663520239146772,-0.0421645558448629,0.0110261324764235,-0.0925076675643451,-0.0888785974580279,-0.0401974759064041,0.0200378972422322,0.00289602625029931,-0.00997422307562688,-0.021305280190486,0.0485892500529693,-0.0408542296600326,-0.00818832795970017,0.0785173249563205,0.239706182813876,0.0139981005117716,0.206955894378601,0.0765765640083227,0.0594100520041114,0.0933889320903594,0.0695767271256803,0.241557012542634,0.087653307803616,0.133226704922969,0.13081808344998,0.0755580544427145,0.0981709203648328,0.11103949513972,0.220303955171129,0.176086882702313,0.2543984853214,0.220747060636728,0.151438562145218,0.164763080923888,0.220906039758837,0.222169852950327,0.181285831605738,0.368222672198985,0.0964204410344234,-0.0505423640418459,0.17993519627918,0.267955422341092,0.00858287916499428,0.216234686386689,-0.00586290538364141,0.13207377899617,0.0748156269395054,0.240145922479529,0.216275676730969,0.0294635044237225,0.0585715224324383,0.0836732945402302,0.0117287153506046,-0.0109126225625587,0.10735932419617,0.279324645598077,0.264259772836766,0.282933575486296,0.331940912306835,0.310222407377625,0.243973722606136,0.290196432264557,0.283490129816231,0.267517690760153,0.324748862462489,0.305602480005916,0.311421718729927,0.303758361931813,0.268712363216804,0.310209096347015,0.301438667796026,0.163600321971198,0.270777084549412,0.180849289795684,0.217103623371424,0.227808934651248,0.210153334079131,0.18123531931714,0.237575855193173,0.215617853220342,0.157647890968915,0.250300593430678,0.182037313050061,0.171983163236764,0.172020020408973,0.231358575976673,0.168402386156281,0.243509554945672,0.218804896687612,0.189994152238837,0.238608616315644,0.240290428434919,0.394016171023305,1,0.343073311304523,0.376312601847282,0.299038546077676,0.299483855387633,0.255062058894175,0.166776443925046,0.246727572503979,0.258056316196488,0.253727732680196,0.230368723856105,0.227071672821329,0.202102596667315,0.22363660422954,0.199009732333033,0.186692317007232,0.18733164388023,0.214462199855435,0.22099597349547
"sss_8_4",-0.0205521815923007,-0.184611805166365,-0.0891522936071796,-0.13831728546231,-0.132903737267201,-0.0228892126750846,-0.0265023510980364,-0.109424128308051,-0.0566376724191937,-0.00721011552517875,-0.0575132559467166,-0.109407967580489,-0.0709753249066617,-0.0607933055769841,-0.0216482172953542,-0.0457118088586037,-0.0300971204905835,-0.0021059596087029,-0.114557501336275,-0.00590368792987657,0.0873413114795718,0.237952734682558,0.178143386125718,0.202737579423725,0.152848150269734,0.172318096473281,0.14005826005076,0.0536350701027102,0.147724280200397,0.057839340899079,0.123265855982882,0.253804359417652,0.0578112195439872,0.174995961321392,0.115374556462934,0.259425136462439,0.244591823583218,0.324721612246117,0.138724474025732,0.161255811290212,0.164023639960035,0.225581099365873,0.374072481148083,0.351665812785826,0.374231423762025,0.274454680314436,-0.0452673762685826,0.301491817342134,0.39481034094825,-0.0440618336074673,0.403785146540274,-0.0643477340636041,0.262367967432655,0.194868807517034,0.410505447719963,0.300807106896505,0.0156864600720686,0.0423718178213734,0.269239285232866,-0.0139537949300156,-0.0139453877714378,0.122396016358806,0.466710405445493,0.470814403696687,0.501520098403864,0.792255291387136,0.522761594001594,0.402811264939669,0.470005624149502,0.319366165380036,0.242641633936801,0.504812557582749,0.493681798360137,0.50933310506807,0.542621489918238,0.39729230033084,0.484867503195841,0.414578783371356,0.39770359658431,0.519407680640015,0.380189724716759,0.427913236814129,0.406238583337459,0.485941998806029,0.388275675370748,0.454676615000303,0.400383434088521,0.392838694241315,0.326379633996558,0.39049871171616,0.385891987394996,0.377120516671402,0.434304915029192,0.401037371166367,0.43518884064413,0.414142407504463,0.404996982615635,0.397290172386078,0.321233376120621,0.362482160652011,0.343073311304523,1,0.441028383046042,0.387597734080706,0.403792010974812,0.520714321807371,0.282615636962468,0.324457705851778,0.33432067825902,0.383180759205963,0.3288712964219,0.319779307236243,0.242642634584453,0.307700743548988,0.345194421301555,0.311591345027554,0.249633558231634,0.304765309857116,0.282393033213378
"sss_8_5",0.0208733292896645,-0.140717124259609,-0.0906317768806076,-0.105714774171008,-0.0850695091425692,-0.0399390841821147,-0.0618406056602751,-0.0847667109138853,-0.0686909628663722,-0.0392814407191948,-0.109025495600263,-0.062959725085101,-0.0426971820888286,-0.00148596132157682,-0.0514093232631873,0.0289203616103332,-0.0641888056879032,0.03471155088482,-0.0954278313411594,0.00666985746940343,0.0619852870975645,0.242392512189866,0.0830571776468365,0.23144413965714,0.105855274961261,0.141576059230311,0.153417891864202,0.00960049014273966,0.199502847519226,0.125870904350727,0.171392297642531,0.185766594048119,0.104808046878211,0.145341329257507,0.172402125187162,0.214232459786432,0.133175320714933,0.258727502715813,0.132924437369728,0.0691650771810969,0.178084055263232,0.224980353301087,0.275240420053405,0.25026916294096,0.306763193687732,0.160092152259135,-0.0264329864884713,0.240155421246773,0.281433975662263,-0.0141156406217729,0.22763861161888,-0.0634523424522401,0.213892558880388,0.130595497055239,0.271963320707114,0.239900371261786,-0.0369814418815807,0.0647934170700796,0.0734706065871683,0.000522382998745577,-0.0127787600806475,0.150935382313676,0.284034629922523,0.278674831719419,0.274521877224543,0.38154293747686,0.301183938007864,0.232501961116318,0.30770900761761,0.275717420884977,0.201457850063892,0.361632800608539,0.347575116130891,0.361532639050788,0.39991919232349,0.346906227092279,0.364513234396145,0.328361678184894,0.208683806526095,0.349826657709254,0.191263002723451,0.225066481577749,0.263866696153512,0.244365431878132,0.258089125945055,0.286044651167673,0.318108968521879,0.182082164305654,0.181510315247623,0.214094595975813,0.212691744131953,0.222216504174929,0.223022293528532,0.211098474340477,0.27726843680124,0.244311147890178,0.253167206974625,0.309306881335896,0.274351093099139,0.318820837608659,0.376312601847282,0.441028383046042,1,0.32702100795737,0.351200073227053,0.324208511393603,0.268277938725184,0.261009579830418,0.281303245977815,0.292009670916518,0.274185225841764,0.248203770713201,0.250628652022773,0.219134685938218,0.253875998453893,0.228435131169551,0.213529891776194,0.246843306151078,0.20146170915795
"sss_8_6",0.020323573035739,-0.0854919985071616,0.0427716553878126,-0.0538088395102448,-0.08008760751142,-0.0230506885218324,0.0324839215625051,-0.0521860685422913,-0.0220668132791375,-0.0336702811093487,-0.0113343272040909,0.0472538846098964,-0.0235402976164872,-0.00758293885252863,0.0684754495376364,-0.0106339316540976,0.0776026187598671,-0.0139715708047331,-0.0169091067439696,0.0199399275423088,0.0575847898463018,0.154161988121527,0.0335208941503912,0.174953873568505,0.0983108330318665,0.122913895518833,0.146115143432513,0.0796468607101255,0.108560733035664,0.00180893327278098,0.052033645873969,0.142199420256186,0.0964569390422825,0.131458934898297,0.106227148265028,0.431491889745509,0.267358335097869,0.384260735806886,0.101761850528024,0.0898999641559969,0.114723205815954,0.161718608165049,0.167591596938253,0.142146078621443,0.330503611997689,0.0982343294451345,-0.0410222936980375,0.144731298261124,0.260869397256493,0.035568167039174,0.192354072066,-0.0285304418087559,0.085193248745295,0.0563004989678207,0.238469643498527,0.152052565866428,0.0306394754442354,0.000680946379340697,0.0843620992717523,-0.0432839882196129,-0.0300969056912298,0.0703512070841445,0.275101139248902,0.235888437432367,0.304183461500132,0.336826981610482,0.266502403738761,0.191079034043577,0.239289610672848,0.249472348088168,0.177105905275992,0.262246690819708,0.26339022033478,0.278207256088559,0.284918779231377,0.259650679918933,0.299439355120313,0.280371262047525,0.188738096583974,0.244529679772677,0.173230751270371,0.174699928625263,0.228182071425576,0.218526354950138,0.211927430418701,0.243777309852232,0.190517380483109,0.182074388307493,0.255377480341396,0.173024631337445,0.141133513797437,0.11662109664908,0.21275591090915,0.194002900452717,0.234036827388577,0.199143199302718,0.160257618801831,0.253491422384926,0.421877279297682,0.313483366464094,0.299038546077676,0.387597734080706,0.32702100795737,1,0.333392745261677,0.324998153218237,0.269747160091342,0.264185929814254,0.303202157510173,0.271200744792316,0.242158251837861,0.318647351251452,0.221950344103374,0.22212034673392,0.197576004579448,0.212092353120388,0.196691680287038,0.233098005304227,0.226061381757872
"sss_8_7",-0.0393068091750489,-0.191040936789757,-0.052927628425622,-0.138823989078306,-0.1686781736264,-0.150362697819354,-0.0840102208047221,-0.0614423806945272,-0.0663410786389332,-0.0542695300099731,-0.0758878143578714,-0.0899246848505329,-0.0497859121492496,-0.0553768722498759,-0.0416315423382854,-0.0182679855622918,-0.0814812291259274,0.00657235968053576,-0.0804466283700926,-0.050907866270857,0.0335742995732532,0.156114773438106,0.16164157965198,0.223548262622759,0.153196274355315,0.18838773369803,0.306333721045331,0.0291844646169364,0.204109885711318,0.106478691129973,0.175228811559961,0.217512358572561,0.0917502688046984,0.277874439082417,0.189968087676116,0.219357179120464,0.151799834717786,0.281815118518651,0.170995020862364,0.120684964158944,0.159393700826504,0.247760165375348,0.356729238093535,0.268202093504045,0.353617931287172,0.213520968632311,-0.0168107852461567,0.271068916841412,0.357162953741304,0.00546342718799287,0.307823172357056,-0.0257401447325608,0.21298422153799,0.147718940007987,0.309987741375109,0.224666946320949,0.0293158982406214,0.0464010959932291,0.154693868834004,0.0440167717172287,0.0147320329634677,0.15889293184492,0.335628697810195,0.356113452053356,0.308108326700877,0.361805594557352,0.403967533378297,0.310210893907326,0.356680468881996,0.267775655735948,0.24159919945985,0.355313026852041,0.344230018860331,0.361207699851688,0.340384822036653,0.332728724960203,0.345919234442846,0.313003201367907,0.277185704222277,0.329344779947205,0.259972259930741,0.271025330944876,0.295845715670037,0.285098150364223,0.293157567647959,0.303974243551334,0.307392437613616,0.261861821910652,0.280344133256653,0.223258081950591,0.276670235350362,0.234640229539615,0.264244183740514,0.28314682996959,0.342807461162687,0.303984335778236,0.278426240532008,0.308702373823309,0.224714292597222,0.318058458540382,0.299483855387633,0.403792010974812,0.351200073227053,0.333392745261677,1,0.350657452695592,0.205198421303544,0.213025912302052,0.238111405364571,0.245605176528968,0.18434861122266,0.220392068052933,0.214620278652349,0.184692313504194,0.197604769898102,0.191013708953389,0.181531451165232,0.224379000124536,0.217140453726188
"sss_8_8",-0.0600555057216223,-0.12053934994401,-0.0709285642893219,-0.0811268429136169,-0.12270057811798,-0.0452852471108222,-0.0373638870763449,-0.0386213502028844,-0.0734167122533339,-0.0119682031759852,0.019817944772341,-0.069068864689534,-0.0415112546079266,-0.0462103451987694,-0.0135410921984203,-0.0442763789443645,-0.0217416968548227,0.00857443885431462,-0.0790357486216111,-0.0436540661978936,0.088744432447756,0.201595581777281,0.106544213148976,0.203241525494715,0.152761305895685,0.153035885513684,0.0906474125738163,0.0747908594264838,0.104151570291631,0.0590524655128202,0.121120889935919,0.224597731212716,0.108381701446023,0.0683818688905913,0.0787058806987418,0.22554520398353,0.189233556602413,0.303252877288675,0.164742246096344,0.128603379826334,0.197474459565729,0.205325719864254,0.284236592836122,0.248795207777453,0.24711403149395,0.218982333242927,-0.0609224035260327,0.258878406736179,0.309136080170935,0.0116022579935722,0.277370740624936,0.0107080096758307,0.174860748739047,0.160705397990541,0.312132992850825,0.228450426343948,0.0830520474754073,0.0154723675029747,0.228289256056711,0.0448721048909176,0.0228069107891795,0.131725569030885,0.378492730676611,0.376719042690367,0.744682487764409,0.516957045221877,0.442535683442191,0.353924629522649,0.364963873913331,0.269703779610953,0.218425120562801,0.410481708340624,0.405564535597094,0.435800359401969,0.484207412866106,0.364481357362611,0.363686413480309,0.357678394118544,0.331133763300905,0.38033702265567,0.328833026306531,0.331773294193668,0.328766747794031,0.389621973167987,0.303417591807534,0.342557613264265,0.282549852808136,0.332449506923927,0.264990058603826,0.273498471228049,0.313759763347511,0.228100675059981,0.314463562034267,0.336606017232353,0.316985974673797,0.313914978371335,0.286509009344149,0.300694579678615,0.234831617460194,0.314724240347012,0.255062058894175,0.520714321807371,0.324208511393603,0.324998153218237,0.350657452695592,1,0.261925289094426,0.243433102927829,0.254183725920986,0.29258764266406,0.249907148369584,0.251102374720185,0.230018783775893,0.207974984729381,0.248047495383721,0.241172397365738,0.209504686165561,0.24489539480092,0.201064946001955
"pcs_1",0.040737188817864,-0.0731939218818902,0.00132432285914283,-0.0172099465228421,-0.121065931650906,-0.0294265196986227,0.00500985947156198,-0.0821883146733472,-0.0220658259039964,0.0278889882940171,-0.0208942201814959,-0.0200396146434506,-0.0579127091657384,-0.0552776789270222,0.0220919423538668,-0.00745712958365801,0.0325527014112335,-0.00574081817013958,-0.0942308382729001,0.0413962313695454,0.0517695745229347,0.14253392161302,0.154726004079873,0.187414762259972,0.174418176869228,0.208814492813597,0.165313616928392,0.106023385632356,0.184302976496895,0.122470700237418,0.151975226365644,0.203047644786915,0.144043889687162,0.138786936313735,0.167657191922122,0.255259535522611,0.293128654136376,0.315958650031418,0.126889333764038,0.12528102411062,0.196905934206734,0.178454502544796,0.233408639557188,0.207092287520047,0.273713623568386,0.12395125647462,-0.00670571138963271,0.221859739960871,0.300616333563183,0.0287973394331481,0.256071264026932,-0.0559269389787711,0.167262926683293,0.119981514035655,0.27495436933925,0.219897887110416,0.0409579351134538,0.0551246113939657,0.155068299870699,0.0094151864909998,-0.0665361719099229,0.0752184346175115,0.311358089868107,0.316022383230079,0.256849634431452,0.298657815994884,0.271094253499283,0.281342076816298,0.276822928337934,0.202782372967524,0.263218521260602,0.349439212835427,0.394366305007732,0.395892395900987,0.311011326770729,0.288930592222459,0.279665822063168,0.403218072031148,0.219866709107882,0.301740104426723,0.257436282363621,0.284784620984737,0.259051121401845,0.186018013765146,0.226487297188394,0.329764431980133,0.294605617589046,0.229273044417689,0.281206199794727,0.22614079804404,0.236442734237559,0.194376656097628,0.275371783819646,0.188913965296558,0.274559012809738,0.304241771605402,0.22969809646637,0.355376101396371,0.240163134266198,0.203976262357938,0.166776443925046,0.282615636962468,0.268277938725184,0.269747160091342,0.205198421303544,0.261925289094426,1,0.60488973204852,0.713267883656915,0.657981731387318,0.626675630004549,0.654417591245476,0.481164759046737,0.644565128742803,0.657191415919491,0.640599489221759,0.607154280747775,0.543476574524767,0.555869977656063
"pcs_2",-0.0286950924224333,-0.0645588407252201,-0.0247456708393604,-0.0283551130805214,-0.154117042403085,-0.104605922044349,-0.00188880995909626,-0.0803105722215689,-0.014339632335169,0.0211185022908896,-0.071032886263964,-0.0667229990280171,-0.0385582282643714,-0.0509023068538964,-0.054367966076624,0.0337573781241979,-0.031443411865961,0.0718812849041493,-0.103896225972315,0.0480226802238315,0.065779368680846,0.168482053078177,0.097637938835033,0.22231208780226,0.141749969473541,0.136177988515435,0.14619931693966,0.0639181089852174,0.180651320371362,0.0892421234059517,0.111391999319067,0.142666697987883,0.137136289347741,0.0841380114589128,0.123513240425694,0.182399441672795,0.237677787646755,0.2606982650426,0.178224991706991,0.0902441632904378,0.169979902370533,0.184330394094351,0.305632621627075,0.250270970497531,0.331882496781257,0.167671678729889,-0.0222722456437661,0.236908448469625,0.298097291280333,0.0528624645065287,0.30797803607586,0.0204847554670855,0.219504160290656,0.15954701794353,0.359225453899788,0.248077772504536,-0.00488988389417765,0.0542704765520601,0.185795638496448,0.0644634704802937,0.00620364905202797,0.117779543159482,0.38918651526468,0.433806785897738,0.271021633357521,0.334959676674784,0.314551444097471,0.384876958661723,0.320325504900871,0.308573862328761,0.499335358315323,0.380490381533743,0.461135591804401,0.444944980366022,0.377736375606991,0.33238693560602,0.315151435514205,0.471783301799124,0.257887790633893,0.363294861008804,0.26056598853437,0.319361915602963,0.405573171549888,0.181971272056017,0.245397914316074,0.399791201455049,0.344587151402883,0.309740409478144,0.384290320520323,0.256120076163883,0.294410763220225,0.256086126653439,0.376185010383191,0.28699346845151,0.292943069224422,0.352880775633316,0.312954035697665,0.398071795587185,0.224149036597706,0.279178934799145,0.246727572503979,0.324457705851778,0.261009579830418,0.264185929814254,0.213025912302052,0.243433102927829,0.60488973204852,1,0.7183047990379,0.68477890306283,0.717757787687345,0.538255490056643,0.519282739298422,0.527354633654931,0.580283361957866,0.549774439440291,0.526905709949238,0.555705177692526,0.46335248336387
"pcs_3",0.00908016099461387,-0.10350924137735,-0.0496709266556607,-0.0692930666672903,-0.176597849243276,-0.089756618544493,-0.00721988233097199,-0.115906399935232,-0.0530178169637967,-0.0290845376970041,-0.0607389772424427,-0.0807422924651004,-0.0875483060191526,-0.0922453687971372,-0.0288804936385755,0.0224397041713973,-0.0225232826808207,0.0445000488472635,-0.114399384018425,0.0238790620488918,0.0559878318218629,0.200036016166021,0.137417559872558,0.203562998369882,0.138281958013662,0.189196917045508,0.173609979748595,0.0639174392099949,0.195845740910088,0.117051977994187,0.144671743874295,0.171401935302465,0.120590433042871,0.120198701911855,0.112081153001444,0.248460982440093,0.261420091579699,0.318325245010331,0.167558102870047,0.109019104457782,0.147339268710213,0.183442359230749,0.256546459258319,0.229469023219912,0.313950612036399,0.152292847603218,0.0185053615444744,0.222139876848294,0.279412695594743,0.0587997975702661,0.278086725257166,-0.0157061634245627,0.17315490162846,0.132779181362255,0.329117553897414,0.243372105229387,0.0119972798289195,0.0367257915644729,0.173742187669851,0.06373161835889,-0.00816461775862201,0.153455560237868,0.373950671692096,0.425703582107925,0.268974386841706,0.338368220855548,0.335079840551122,0.402918118693205,0.321728619344444,0.254644980957347,0.401993785108603,0.390738976003956,0.441424614550355,0.437143447406866,0.343042420137679,0.322636668277294,0.346359897211934,0.471071953593476,0.255842356247709,0.354690369410396,0.291545609577093,0.326757320863629,0.409814902086477,0.210507578475185,0.268173605786066,0.387012661937676,0.358523282715832,0.291234190343567,0.372226305853108,0.284296018551642,0.269005699481979,0.22814688688651,0.377882848213911,0.258038983997519,0.32024637901611,0.358931210152096,0.282695111065049,0.386097818757123,0.255194594900775,0.288609210329513,0.258056316196488,0.33432067825902,0.281303245977815,0.303202157510173,0.238111405364571,0.254183725920986,0.713267883656915,0.7183047990379,1,0.773257798035647,0.724558049791318,0.676045838795598,0.53997168020322,0.599263745884281,0.622813125607275,0.618357610232105,0.600585485722261,0.59334734380981,0.580706177104937
"pcs_4",0.00603181082636927,-0.121391691028045,-0.0255127798719091,-0.0636138020446039,-0.151329425410201,-0.0545297445840013,0.0059360964959832,-0.0998670946980247,-0.027377949272621,0.0122807948664302,-0.0409408923202583,-0.0763338229718189,-0.078534191068213,-0.0755488314455247,-0.0332447609679036,-0.029931445723339,0.0210182978281639,0.00592171287536781,-0.102402527947577,0.0176462625910361,0.102321006130979,0.231210167750613,0.181174787536598,0.216005777891809,0.192541041495984,0.195072393622533,0.171500616304363,0.129536743031655,0.234941285900665,0.0853436396448304,0.132971202467783,0.234656545896629,0.112532297564188,0.144221540761812,0.115173060541135,0.246741724248072,0.342012774256447,0.33930923885266,0.151352560065886,0.137085770793512,0.192838662502402,0.212566645098673,0.300962479446759,0.282011759519827,0.322831824505393,0.196761242440178,-0.0262073711590762,0.263261957699852,0.306347574279766,0.0240452615824737,0.326411434106888,-0.0895739609741152,0.179620007340098,0.13859313886544,0.364412359844976,0.282276994920603,-0.0130714051351281,0.043846728035429,0.182246513539554,0.0255401079610236,-0.0706278198080941,0.138654236258007,0.377647840502963,0.421775755640197,0.293736478351302,0.407719610198303,0.356383636344744,0.391042062532433,0.35004356984519,0.26520726907034,0.341983429381159,0.416545621230803,0.478522330729396,0.488326617244663,0.380905914190004,0.354737712330294,0.367580790286091,0.467784316564269,0.264942620984414,0.399088652783085,0.306416899751669,0.333424732015966,0.401489213399764,0.244342568209729,0.322065282340456,0.423209254618212,0.421366360221866,0.284807953701776,0.372987315275171,0.315346842763727,0.298135915217129,0.287705147914491,0.380815013161254,0.253363158810695,0.37293204186154,0.424263917764966,0.323197673106327,0.425104663982881,0.227653022460544,0.289483426611142,0.253727732680196,0.383180759205963,0.292009670916518,0.271200744792316,0.245605176528968,0.29258764266406,0.657981731387318,0.68477890306283,0.773257798035647,1,0.808131105365377,0.698767158868374,0.526559873107382,0.657299070304497,0.712030232172827,0.700783129273519,0.679757615273967,0.589431274865997,0.58759992975815
"pcs_5",0.0013283603226147,-0.0989932696568657,-0.0524047076300432,-0.015455406251379,-0.129549778794115,-0.06847121955857,-0.0123923494633018,-0.0985957938638713,-0.0427736001152726,0.00359345817011522,-0.0564488163377904,-0.0594730047449315,-0.0687896697494549,-0.0779864517362871,-0.039877031277417,-0.0231665010508102,0.00468592384054576,0.0025538136811572,-0.0746661686951433,-0.00392453213423558,0.0451825832544781,0.162014066752171,0.113080683827424,0.168190713292637,0.145059854876143,0.177391244223145,0.149031910510396,0.0834549115441421,0.175690641613862,0.0541332108688678,0.0897279171928466,0.178679744729027,0.0861226031759146,0.0961671938252101,0.0894338850666181,0.180137240219908,0.266819870793893,0.283376749372613,0.127206162471558,0.0938073926410787,0.176280979308445,0.186212832565629,0.258182902436975,0.221745834479457,0.292905844576132,0.152404179058818,0.0183653709197344,0.2015784870403,0.237952481650568,0.0326052400071448,0.262710690513451,-0.0595203013110275,0.146702385477383,0.111489539981621,0.294957048910076,0.195827342002275,-0.0315733999973298,0.0389454944510676,0.150690257445397,0.0459452001152679,-0.0529140976585702,0.12670206479826,0.35023352954073,0.38256391761407,0.259450806866286,0.357865732947671,0.286261489673546,0.332935775275409,0.294872543614342,0.2666960891051,0.380456740630725,0.346244391873425,0.415230656199842,0.421994039369176,0.346857896005192,0.318824314736569,0.291300515876218,0.422910062316932,0.245282829863914,0.345819934163873,0.275956138050982,0.283597595381073,0.356395759458709,0.182802245982459,0.260056511655998,0.368416245996666,0.366147128007631,0.268551392615523,0.355041869061713,0.269089894090182,0.260006765468136,0.223203851659009,0.328777036429144,0.239352968785479,0.301585553260094,0.355867470144403,0.28665217212681,0.368448435650483,0.204255901245165,0.250443227320635,0.230368723856105,0.3288712964219,0.274185225841764,0.242158251837861,0.18434861122266,0.249907148369584,0.626675630004549,0.717757787687345,0.724558049791318,0.808131105365377,1,0.668126665369379,0.475105332272426,0.613835415232816,0.676424603550362,0.666976240040785,0.643399378587044,0.609141982783348,0.491571617023419
"pcs_6",0.0252673620718418,-0.102320433449791,-0.0281515337225544,-0.0615485154852663,-0.155536755679902,-0.0567387391160776,-0.0143826141732929,-0.0834130364145597,-0.0395179902876488,-0.00406926871322829,-0.0303283910799569,-0.05558563469817,-0.112851724770422,-0.111365816869565,-0.0279509208614113,-0.0415512166907827,0.0208975525191724,-0.059305942581714,-0.0902120153539333,0.000211386465680806,0.0685302353835664,0.185984066775431,0.139313276213932,0.192283038866645,0.154470013733222,0.202504461121392,0.191342974811863,0.150100959161376,0.163603449102274,0.0657839701103505,0.130792166254173,0.200618218395773,0.0839585487145519,0.0919979625549279,0.0849760547805643,0.260946269959858,0.302078987803734,0.368756735596382,0.0989696268162639,0.148231518783466,0.159377992466369,0.224448954126663,0.229286731921739,0.190278847404276,0.312603790865643,0.125306342078482,-0.044997495484036,0.212050107361053,0.331001319583112,0.00919209863734594,0.267521099920387,-0.0849796122371932,0.141561198304573,0.0996714976017367,0.3245602130757,0.21390228918015,0.0655535356577311,0.0388357565975987,0.158995245192308,-0.00582576254883076,-0.0857248773995248,0.0998707540332099,0.280952772971546,0.318922365605897,0.258739905180456,0.331513559954163,0.291529234385674,0.279500177297733,0.281106887334732,0.180598017476604,0.235470454592686,0.327123501706231,0.361894103655088,0.378144355543002,0.297964636135513,0.267374479399959,0.284913601533242,0.382526272349645,0.2387848846239,0.320442271834992,0.231777921403849,0.270998848251244,0.295675480214888,0.181678166740138,0.26096069042871,0.338925378840083,0.327611564468762,0.235589976598878,0.294319867967015,0.26796894785499,0.230587193958124,0.205950254796016,0.281903511289295,0.193893363141189,0.313551463729209,0.314101398904269,0.230443674334552,0.314726202424663,0.217668688077947,0.247609349599215,0.227071672821329,0.319779307236243,0.248203770713201,0.318647351251452,0.220392068052933,0.251102374720185,0.654417591245476,0.538255490056643,0.676045838795598,0.698767158868374,0.668126665369379,1,0.524019683300928,0.674276575647914,0.682339022544157,0.689065655210128,0.650970274654397,0.559057485768413,0.647644360707548
"pcs_7",-0.016974452656291,-0.0505674847814311,-0.077250757995869,-0.0508627240987847,-0.122961692880875,-0.0855524775747712,-0.0188214187639508,-0.0795198485505747,-0.0628641802018231,-0.0282447879267685,-0.0605303935565557,-0.044143673300647,-0.0764155537927917,-0.0706158373045337,-0.0693070489306488,0.035096148266562,-0.0667177660707444,0.0202098708784865,-0.0919041164465274,-0.0306795309131304,0.0469563825513466,0.243962054003106,0.130940786329874,0.295243326788404,0.160852552605375,0.141250037080409,0.190265524456166,0.0275531585592999,0.226505226285859,0.170263779317225,0.157078763195815,0.162746332778267,0.167313878207446,0.120313869262196,0.18402076144761,0.201709850845847,0.218287370435596,0.255689057219276,0.19950544710473,0.123837759619064,0.1769353883743,0.143817592379951,0.292764341476461,0.274181229409877,0.281080927282967,0.192768618774562,-0.014891407068806,0.298699371843436,0.337087115191598,0.105702576512348,0.270000441441412,0.0139279565877486,0.215926157381471,0.224093510301074,0.340461417890133,0.280039068797405,0.0689506219667637,0.0743580446781442,0.200881572964126,0.036618693029216,-0.00113938320239245,0.139960650160157,0.352182231531802,0.377354616168089,0.239519500404959,0.272104431057008,0.281827266194542,0.32903062394831,0.29816198992222,0.272095805643021,0.333292168245836,0.376576381845222,0.407407966956173,0.375495807808382,0.327812684356488,0.330631360829409,0.301294094821899,0.41838462102822,0.21798416301738,0.342724044719507,0.213173113998981,0.30591170215119,0.288138838324983,0.167318439624741,0.182829134815893,0.336282973293551,0.321690933217452,0.257144344057477,0.379505012945499,0.205958236624171,0.264246874829468,0.166027233906514,0.293526403832413,0.200345447032555,0.318146060359018,0.329971080227613,0.247916795974576,0.380202640707545,0.154837920758509,0.259781070570319,0.202102596667315,0.242642634584453,0.250628652022773,0.221950344103374,0.214620278652349,0.230018783775893,0.481164759046737,0.519282739298422,0.53997168020322,0.526559873107382,0.475105332272426,0.524019683300928,1,0.519272617116457,0.499709759857421,0.490547128297519,0.479767208362317,0.423698653606886,0.53693938620911
"pcs_8",-0.00508434007857505,-0.0780575524480003,-0.033476083191433,-0.0148542354733066,-0.101845353652388,-0.0301682184573024,0.00381934250579449,-0.0713634196518753,-0.00627480465491402,0.014496495447137,-0.0245586692592831,0.0105986787573695,-0.0794835443912003,-0.0949450241121167,-0.0374077014879907,-0.0655139611466829,0.030264879182481,-0.0561386758162109,-0.0727552973160221,-0.0431381211421357,-0.00722684737678828,0.162274575888826,0.112188001980322,0.148973630111028,0.129743399635331,0.146240413418548,0.131377385470134,0.104616777739234,0.132615118869176,0.0712208718865995,0.116956043257228,0.173958318887241,0.101957219864658,0.0661348517997665,0.0576012142338511,0.18816016146746,0.276251305284626,0.256063433221882,0.122538107492608,0.154536947203949,0.165562251075173,0.139271641989792,0.247519386561829,0.216210063458668,0.246366116981033,0.125115069397932,-0.0485523591422685,0.250254889111883,0.326639008314632,-0.0174270989470553,0.27984749512558,-0.0981897688687058,0.123002124319135,0.115687017756297,0.305652150139618,0.210581077397489,0.0404437206153466,0.0051314910692694,0.136023309012843,0.0186279090348605,-0.130892016625612,0.0570510028596507,0.303812878721919,0.31631477251094,0.229212935900502,0.32059989469083,0.241841720603196,0.272032128319673,0.272171457037859,0.188383277648289,0.249499094677756,0.364214799896336,0.399267655863113,0.392193126871417,0.274806022649094,0.261305513628901,0.300228261897206,0.418231665251579,0.200307057091575,0.33584836940174,0.20738889085992,0.290875970306224,0.258432294429114,0.15388902019053,0.242431320368023,0.29750746520534,0.322485944411755,0.196327836368804,0.2779561944012,0.239976938837767,0.175162806011461,0.201564090531205,0.272127726464063,0.178107249182195,0.286503706560833,0.314869321082984,0.227043750154698,0.329269182522087,0.129712003540129,0.226091022117777,0.22363660422954,0.307700743548988,0.219134685938218,0.22212034673392,0.184692313504194,0.207974984729381,0.644565128742803,0.527354633654931,0.599263745884281,0.657299070304497,0.613835415232816,0.674276575647914,0.519272617116457,1,0.739740075064297,0.72420871902414,0.72987861061198,0.557207491201853,0.617683766701355
"pcs_9",0.0212934645321138,-0.0432012235046432,-0.035201880120984,-0.00495169520475887,-0.119438188908682,-0.0464213304598212,-0.00544957925687843,-0.0745544089080313,0.0139706760935965,0.0360833445160066,-0.0400172789819624,-0.0379817094091022,-0.0954500644138179,-0.0885935023699959,-0.0407355422068014,-0.0502369136112739,0.0479139183419435,-0.0461012187284436,-0.0883741606454499,-0.0139033398444608,0.0502521034122438,0.153770113339754,0.159602429932843,0.154803845158425,0.179710276271713,0.218189872834106,0.146068381745326,0.12654184064249,0.145638047204107,0.0702549909845289,0.112299324128812,0.218248309724584,0.100486786236662,0.120785477597913,0.0803199621054686,0.191505831656591,0.2733457921483,0.242110997633482,0.118820485436791,0.168405748174215,0.181099237181352,0.205236027299609,0.277325137365774,0.254462545990727,0.264490324619712,0.146970342456525,-0.0876919072180302,0.250432370200812,0.308208354934258,-0.0535904744268575,0.271534925766878,-0.0789192444398952,0.16849491021217,0.109754951285183,0.32869801291031,0.211004244038107,0.0462047625056593,0.0367142198890197,0.183609132776856,-0.0207977535955887,-0.112805751398277,0.0987830029972898,0.301958823680562,0.355732563686447,0.262258972060473,0.367838446327084,0.25094906869343,0.308886560879758,0.317930214122289,0.214530212058347,0.265486649225635,0.378461845754049,0.387098490527197,0.411457531981524,0.345891479678784,0.303205812017616,0.306979771072436,0.398722123018728,0.230395024356097,0.364011177778922,0.242043143548631,0.279086435176369,0.305071524155078,0.164358897931155,0.254772743663475,0.32758698890066,0.341210086913027,0.224736014204371,0.311833169595744,0.287645364703465,0.212772282226864,0.233315145408166,0.320397715622791,0.202648449998091,0.357646877784779,0.364821280256246,0.236376300755808,0.371874363781286,0.104535112277568,0.243493384146821,0.199009732333033,0.345194421301555,0.253875998453893,0.197576004579448,0.197604769898102,0.248047495383721,0.657191415919491,0.580283361957866,0.622813125607275,0.712030232172827,0.676424603550362,0.682339022544157,0.499709759857421,0.739740075064297,1,0.818262325479931,0.758525424798889,0.620178541723455,0.627300234879379
"pcs_10",0.027442896838527,-0.0561376408631255,0.0139585278386216,-0.0029096370523708,-0.112074005923664,-0.0304369919144131,0.0150904372789143,-0.0594375234224783,0.00133069334211481,0.0425809331056357,-0.0218170191569743,-0.00752194064988762,-0.0797185793999297,-0.0464597326002164,-0.015840550591229,-0.0619116728898125,0.0796909135773216,-0.0602982900218357,-0.0478528959744912,-0.00613691962548903,0.0603691493859577,0.133765654032362,0.140006540185927,0.122182665923832,0.144844180095711,0.18587238848373,0.149344428928515,0.144191929335819,0.158066208131997,0.0530659532981533,0.111868942367879,0.195844718885477,0.103441693270909,0.102026124170872,0.0525093906564543,0.186178534855546,0.277100759147395,0.267794785207894,0.101893732579978,0.161117798438692,0.163682236561515,0.173768813572186,0.214511947866176,0.20644654435579,0.223812528637296,0.100895847437633,-0.0623677040703405,0.206181279826112,0.267266975101557,-0.0697166768103158,0.226599269738611,-0.125718142857087,0.106344289795544,0.0927837108569375,0.284063567847016,0.213186770951667,0.0231614068376499,-0.0106082823456531,0.121707815313256,-0.0500217161925625,-0.131431717969537,0.0546336825037765,0.27548182166498,0.32261844210655,0.235455711156017,0.341581992273064,0.237280621644564,0.267193244772726,0.266613580722784,0.179800571877565,0.259581665873024,0.33697537125542,0.364806935131061,0.377542183488744,0.29744669375128,0.279066332394065,0.296962625952107,0.387020276626695,0.193594663984013,0.330809041168452,0.22023135557897,0.300026008125527,0.297539076963392,0.172873868216116,0.266597026825519,0.338433269157303,0.346357239475994,0.198528219616774,0.306080979419802,0.266196096145334,0.183325891109984,0.192600959833788,0.295291615524147,0.180175303006726,0.325752113403161,0.361105483484468,0.22594861802148,0.351859518261871,0.122398450888103,0.192741434297514,0.186692317007232,0.311591345027554,0.228435131169551,0.212092353120388,0.191013708953389,0.241172397365738,0.640599489221759,0.549774439440291,0.618357610232105,0.700783129273519,0.666976240040785,0.689065655210128,0.490547128297519,0.72420871902414,0.818262325479931,1,0.828163640196727,0.654700994501794,0.618345021259042
"pcs_11",0.0657832336711268,-0.0304227603981078,-0.00793583316185665,0.0231452778452402,-0.0943528860913859,-0.0306792070664565,0.0270280045180533,-0.0490759790125452,-0.00779600881723382,0.0275615322674612,0.00579192679387554,0.0110405991032441,-0.0599271685794395,-0.0469283402311421,-0.0240221051350899,-0.0289810975150019,0.0856962746625334,-0.0294049549225898,-0.0382544964920185,-0.00280174495049684,0.0497617022382031,0.136268940377151,0.146985330236368,0.10871122732765,0.149100133986842,0.174015979300399,0.133794694039132,0.120741150255486,0.170498221423428,0.0686563820373858,0.100790127490261,0.193074806444309,0.120864565242002,0.0921274200357202,0.0674956141320068,0.150075614260542,0.273022639707823,0.26578850763978,0.118849028769663,0.140752801064047,0.198738908704882,0.178765894912928,0.186709195817873,0.177974504105822,0.199504640932493,0.101143270756215,-0.0680682712258967,0.197300974408153,0.229691027969309,-0.0471778994483533,0.197710204842064,-0.0811333462732287,0.0933660633267007,0.0993143877136934,0.253887132041942,0.185529227993692,0.0506312119568684,-0.0372210302496297,0.129180363651098,-0.016821278989787,-0.115423394807388,0.0751729817544425,0.280236821126059,0.312168467429906,0.219182038808839,0.286432867718816,0.203948423132192,0.255590524825952,0.248132034366253,0.167746803577617,0.272583859900751,0.313769866209893,0.347770094722371,0.354961352293227,0.274018388350999,0.267238393013107,0.279382210363893,0.378556298240452,0.175762314594313,0.278736894019022,0.218708469156343,0.257904917614879,0.276476483622168,0.140819962826792,0.239531295160088,0.311177969342149,0.308656299978244,0.16769045932746,0.284510755898528,0.21974499646736,0.175083178380091,0.134475828313175,0.274655161245989,0.172952254249179,0.282631787076655,0.300069635289382,0.185755456414129,0.316519019964305,0.0934442174357861,0.172086129523651,0.18733164388023,0.249633558231634,0.213529891776194,0.196691680287038,0.181531451165232,0.209504686165561,0.607154280747775,0.526905709949238,0.600585485722261,0.679757615273967,0.643399378587044,0.650970274654397,0.479767208362317,0.72987861061198,0.758525424798889,0.828163640196727,1,0.663367565116495,0.611660037846316
"pcs_12",0.00803736874218629,-0.10734328836526,-0.0351609150287955,-0.0382190559679699,-0.138916816635872,-0.0754271791570797,-0.0320680982487747,-0.0653645713791351,-0.0197156303701226,0.0311272671481243,-0.0468592726311745,-0.0400654050573271,-0.0531270815418594,-0.0632387015113848,-0.0335732808402683,-0.0278274578812867,0.0512598615499315,-0.0260594884192773,-0.0637525413189799,-0.00855942365344628,0.0219501132243718,0.127667768097615,0.0421448131403375,0.151515018969993,0.0714912271561101,0.129984746740793,0.0975610788438503,0.0665798831596336,0.156746005297062,0.0506045774976447,0.114225916800485,0.171215407973857,0.0868999082859775,0.0999008331098319,0.0881112460064789,0.186770873826687,0.227633998475409,0.300347167246046,0.128387197252721,0.0860235328064768,0.164607435244458,0.152465075035078,0.208102802189345,0.199411478670337,0.269711597810162,0.154657240228047,-0.0386740838957694,0.213471183922989,0.256292077929156,0.055591352713574,0.238636662640889,0.0357414941827138,0.177951922534276,0.127158258447995,0.323840772940783,0.201843870462159,0.0708490572265339,-0.0150448293549028,0.189104001870633,0.0518379889907333,0.0291104928776099,0.132938326803733,0.348539113525086,0.337715447647263,0.251427609111256,0.325496512341114,0.263037532677152,0.311715141148984,0.319654549056652,0.190228215536346,0.3168147837766,0.348920928493085,0.365341650310578,0.361166201598724,0.326688178112235,0.296976983470178,0.305973959808847,0.389952024724982,0.241429867139961,0.302561892370943,0.263329523235547,0.281830399544138,0.332255699638058,0.174770820215961,0.239666954852964,0.355541702319299,0.318799292560713,0.245008588880939,0.293778846483326,0.27911686613833,0.220261822357074,0.191095670498798,0.321595895392244,0.234427970105239,0.298880529631637,0.327938329039797,0.197950785273448,0.339407679096557,0.205421908821875,0.23326103793224,0.214462199855435,0.304765309857116,0.246843306151078,0.233098005304227,0.224379000124536,0.24489539480092,0.543476574524767,0.555705177692526,0.59334734380981,0.589431274865997,0.609141982783348,0.559057485768413,0.423698653606886,0.557207491201853,0.620178541723455,0.654700994501794,0.663367565116495,1,0.559364130085999
"pcs_13",0.0424306815986016,-0.122157448478814,-0.0496604366523239,-0.0145856984931115,-0.0936451516457255,-0.0454746462052363,0.00600193920197268,-0.0775574151987168,-0.0298772213115234,-0.0232806490071947,-0.0486993358547035,-0.0524831028944666,-0.0445066869543434,-0.0843635078588235,-0.0594119339376789,-0.0457253442058785,-0.00414777240800836,-0.0361958850324758,-0.0606829384438476,0.0374431514184784,0.099371339791199,0.204195185558175,0.101205104719793,0.204705726254563,0.150728298803362,0.147231036109967,0.158551840178748,0.0852776589687693,0.191049495071854,0.118703328386143,0.136129093425053,0.171578701562491,0.106156771328619,0.126069095062157,0.115358787106983,0.204897632926076,0.268590405743062,0.283145860905761,0.164145316333765,0.166746853830167,0.18712622559257,0.217657172575312,0.21378848484088,0.202048943285906,0.244442560725887,0.128892850648796,-0.0840686943701859,0.228445749072809,0.321532411023142,-0.0505124634387249,0.258836568845051,-0.0596204209763804,0.139199893537102,0.10597960857847,0.335360499752969,0.241841443890977,0.0527199078952835,0.00502226532074345,0.141286234641644,-0.0217635624076182,-0.0804223766249766,0.120737395483176,0.292709276822153,0.331800811021837,0.22475896140535,0.312290617121286,0.28433905608959,0.302284418022193,0.293015480789234,0.151391564751947,0.2624065402756,0.353851945365098,0.399126356793274,0.400354783892191,0.319633372940989,0.287521035209407,0.278630299769503,0.432321778430306,0.140905052261007,0.339776845117273,0.191828525451391,0.297120401959905,0.277553241666456,0.144447162973597,0.234785179894037,0.325619937436927,0.328174061641255,0.17242741018287,0.33844547644389,0.235550083816978,0.179452939500624,0.162737589107645,0.296038001508228,0.178199770425575,0.35317607616501,0.318010225488822,0.188691072254672,0.357340758482249,0.161002744344473,0.26303806650114,0.22099597349547,0.282393033213378,0.20146170915795,0.226061381757872,0.217140453726188,0.201064946001955,0.555869977656063,0.46335248336387,0.580706177104937,0.58759992975815,0.491571617023419,0.647644360707548,0.53693938620911,0.617683766701355,0.627300234879379,0.618345021259042,0.611660037846316,0.559364130085999,1
