"config","n_items","cv_r2","pct_of_full"
"1 IAS + 1 IATS",2,0.249973840136864,108.1
"2 IAS + 2 IATS",4,0.307226497947441,132.8
"3 IAS + 3 IATS",6,0.328254290368681,141.9
"4 IAS + 4 IATS",8,0.330992067477271,143.1
"5 IAS + 5 IATS",10,0.33518474340963,144.9
"Full scales (totals)",2,0.231307281881082,100
