"n_items","r2"
1,0.191133532846857
2,0.249973840136864
3,0.272160273933509
4,0.288351306160341
5,0.296159168943759
6,0.300041789708237
8,0.331721986561211
10,0.340421484444099
15,0.33919339324941
21,0.349931329290616
30,0.334677983173533
42,0.31787581930866
